авиамодельный	авиамодельнэ
автономный	автономно
азартный	шуналтай	хорхойтой	мүнгэтэ
аккуратный	нарин нягта	яб гэһэн
активный	эдэбхитэй
антирелигиозный	шажанда эсэргүү
антифашистский	фашизмда эсэргүү
ароматный	хангалтаһан	һайхан үнэртэй
балетный	балетнэ	баледэй
баснословный	үльгэр	түүхын	угаа гайхалтай
бдительный	һэргэг	һэримжэтэй
беглый	бодхуул
бедный	үгытэй	ядуу	тулюур
безалаберный	хүдхэ	тоолхогүй
безболезненный	үбшэнгүй
безбрежный	захагүй	хизааргүй үргэн
безграмотный	бэшэг мэдэхэгүй
безграничный	заха хизааргүй
бездушный	хайра гамгүй	энэрхы сэдьхэлгүй
безжалостный	гамгүй	хайра гамгүй
беззаботный	һанаа амар	хашалангүй
беззаветный	үнэн шударгуу
беззащитный	бэеэ аршалжа шадахагүй
беззубый	шүдэгүй	амшагар
безлюдный	хүгүй	эзэгүй
безнадёжный	найдалгүй	найдабаригүй
безнадзорный	харууһагүй	хиналтагүй
безоблачный	үүлэгүй
безобразный	олиггүй муухай	бузгай	зэбүүрхэмэ
безопасный	аюулгүй
безошибочный	алдуугүй	эндүүгүй
безработный	ажалгүй	хүдэлмэригүй
безразличный	хэрэглэмжэгүй	һожоргүй
безумный	ухаа муутай	тэнэһэн
безупречный	тон сэбэр	ямаршье гэмгүй
безуспешный	амжалтагүй	урагшагүй
безымянный	нэрэгүй
беловой	сагаалһан	сагаалжа бэшэһэн
белокурый	сайбар	сайбар үһэтэй
белолицый	сагаан нюуртай (шарайтай)
белоснежный	саб сагаан
бензиновый	бензинэй	бензиновэ
береговой	эрьеын	эрьедэхи
бережливый	гамтай	гамша
бережный	гамтай	болгоомжотой
берёзовый	хуһанай
берестяной	үйһэнэй
бесконечный	заха хизааргүй
бескрайний -захагүй	хизааргүй
беспартийный	партийна бэшэ
бесплановый	түсэбгүй
бесплатный	түлбэригүй	миинтэ
беспокойный	һанаа зоборитой	амаргүй
бесполезный	туһагүй	дэмы
беспомощный	ахир	бирагүй	тулюур
бесправный	эрхэгүй
беспрерывный	таһалгаряагүй
беспризорный	гэр байрагүй	харууһагүй
беспримерный	жэшээлшэгүй	онсо илгарһан
беспутный	һэбхи бодолтой	забхай
бессмысленный	удхагүй	дэмы
бессовестный	үнэн сэхэ бэшэ	убайгүй
бесспорный	арсалтагүй	хэлсээнгүй
бесстыдный	эшэхэ нюургүй
бестолковый	тоолхогүй	бодолгүй
бесхозяйственный	һалан	эзэн бэшэ
бесцельный	зорилгогүй	хооһон
бесшабашный	һанаа амар	хашалагүй	мунайд
бесшумный	шэмээгүй	абяагүй
бешеный	галзуу	галзуурһан
библиотечный	библиотечнэ
биологический	биологическа
благодарный -аша үрэтэй	аша харюулмаар
благонадежный	һэжэггүй	найдалтай
благополучный	амгалан	амгалан тайбан
благоприятный	зохистой	таарамжатай
благоразумный	бодомжотой	ухаансар
благородный	һайн һайхан
бледный	сухигар	хубхигар
блестящий	ялбагар	ялагар 
ближний	дүтын	ойрын
близкий	дүтын	ойрын
близорукий	холо харадаггүй
бобровый	бообор
богатый	баян	баялиг	элбэг
бодливый	мүргэлдөөшэ	мүргэдэг
бодрый	һэргэлэн	хүнгэн	сарюун
боевой	дайшалхы	шумууһан
боеспособный	дайшалхы шадабаритай
бойкий	абаашатай	шуран	өөрэ
болотистый	намагтай	намаглиг
болтливый	шашаг	шалиг
больной	үбшэн	үбшэлһэн
большой	ехэ	томо	мандагар
большевистский	большевистскэ
босой	хүл нюсэгэн
боязливый	аймхай	айнги
бравый	һаахар	дорюун	салигар
братский	аха дүүгэй	аха дүү
бревенчатый	бревногоор хэһэн
брезгливый	ой муутай	жэрхэмгэй
бригадный	бригадна	бригадын
бродячий	зайгуул	тэнүүл	зольбо
бронебойный	хуяг соо сохидог	бронебойно
бронетанковый	бронетанкова
бронзовый	бронзово
брусничный	алирһан	алирһанай
будущий	хойто	ерэхэ	ерээдүй сагай
буйный	дошхон	шэрүүн
буквенный	үзэгэй
бумажный	саарһан	саарһанай
буржуазный	буржуазна
бурный	дошхон	түргэн	шанга	нэрьемэ
бурый	хүрин	хара хүрин
бывалый	ябажа үзэһэн	юумэ үзэһэн	мэдээжэ
бывший	урдын	хуушанай	хуушан
быстроходный	түргэн ябадалтай 
быстрый	түргэн	хурдан	бушуу
важный	шухала	шухала удхатай	ехэрхүү	һайзгай
варёный	шанамал	шанаһан
ватный	хүбэнтэй
вдохновенный	урмашалтай	зоригжолтой
ведущий	хүтэлэгшэ	хүтэлбэрилэгшэ
вежливый	зулгы	илдам	налгай	зөөлэхэн зантай
великий	агууехэ	агуу	ехэ
великовозрастный	ехэ наһатай	наһаа эдиһэн
великолепный	гоё һайхан	гоё гоо	эрхим һайхан
величественный	һүртэй	һүртэ ехэ
велосипедный	велосипедэй
верблюжий	тэмээнэй	тэмээн
верёвочный	аргамжын
верный -зүб	үнэн сэхэ	үнэн шударгуу
вероломный	үгэеэ эбдэдэг	харата муухай
вероятный	этигэмээр	үнэншэмөөр
вертикальный	вертикальна	сэхэ уруугаа ороһон
верхний	дээдэ	дээрэхи	гадар
верховный	дээдэ	верховно
весёлый	хүхюу	хүхюутэй	сэнгүү
веский -няд гэмэ	хахалан хэлэһэн
весенний	хабарай
веснушчатый	бүдэнтэй
ветвистый	намаархуу	намаарһаг
ветеринарный	малай	ветеринарна
ветреный	һалхитай	хүнгэн ябадалтай
ветряной	һалхяар хүдэлдэг
ветхий	хуушаршаһан	үмхирһэн
вечерний	үдэшын
вечнозелёный	ходо ногоон
вечный	мүнхэ	хэтын
взаимный	бэе бэедээ харилсаата
взрослый	томо болоһон	бүдүүн хүн
видный	эли	харагдажа байһан
винительный падеж	үйлын падеж
виноватый	виновный	зэмэтэй	гэмтэй
висячий	үлгэмэл	үлгэгдэмэл	дүүжэн
вишнёвый	вишнёво	вишниин	хүри улаан
вкусный	амтатай
влажный	нойтон	шиигтэй
влиятельный	үгөө дуулгасатай	нүлөөтэй
вместительный	багтасатай
внезапный	гэнтэ	гэнтын
внеклассный	классһаа гадуур
внеочередной	ээлжээнһээ гадуур
внешкольный	һургуулиһаа гадуур
внешний	гадаада	газаада
внимательный	анхаралтай
внутренний	доторой	зосоохи	соохи
внушительный	һүрөөтэй	бараатай
водный	уһан	уһанай	уһан замай
водонапорный	уһа бүлэдэг
водонепроницаемый	уһа нэбтэрдэггүй
водоплавающий	уһанай	уһа тамардаг
водянистый	уһабхи	уһалиг	сула уһан
водяной	уһанай	уһан
военно-воздушный	агаарай сэрэгэй
военнообязанный	сэрэгэй наһанай (хүн)
военнопленный	плендэ орогшо
военно-морской	уһан далайн сэрэгэй
военнослужащий	сэрэгэй алба хаагша
военный	сэрэгэй хүн	военнэ
воздержанный	түбшэн	бэеэ бариһан
воздушный	агаар	агаарта
возможный	боломоор	бололтой
возмутительный	дура гутамаар
воинственный	дайша	сэрэгшэ
вокальный	дуу дуулалгын
волевой	зоригтой	зүрхэлиг
волнистый	долгитонги	долгитоһон
волосатый	үһэтэй	нооһотой
волосяной	нооһон	хилгааһан
волчий	шонын
вонючий	үмхэй	муухай үнэртэй
вопросительный	асууһан
ворчливый	гэмэргэн
восклицательный	шангадхаһан
воспитанный	хүмүүжүүлэгдэһэн
восприимчивый	бэлээр ойлгоодхидог	халдасатай
воспитательный	хүмүүжүүлхы	хүмүүжүүлгын
восьмидесятилетний	наятай	ная наһатай
впалый	хонхойшоһон	хонхогор
впечатлительный	бэлээр хадуудаг	ой ухаандаа оруулаадхидаг
враждебный	үһөөрхэлгын	дайсанай
врачебный	врачебнэ	эмнэлгын
вредный	хоротой	хара һанаатай
временный	саг зуурын
всевозможный	элдэб янзын	янза бүриин
всемирный	бүхэдэлхэйн
всенародный	бүгэдэ арадай	бүхэарадай
всеобщий	бүгэдэ ниитын	ниитэ
всероссийский	бүхэроссийска
всесоюзный	бүхэсоюзна
всесторонний	алишье талын	али бүхы
вспомогательный	туһаламжын	хамһабариин
вспыльчивый	түргэн сухалтай
вставной	табигдаһан	һуулгагдаһан
встречный	угтан ерэһэн	угталдаһан
вступительный	оролтын	оролто
всхожий (семена) -ургаха (шадалтай)
вторичный	дахин	дабтаһан
второстепенный	юрэ хирын	юрын	дунда зэргын
вчерашний	үсэгэлдэрэй
выборный	һунгагдадаг	һунгагдамал
выгодный	ашагтай	олзотой
выигрышный	шүүбэритэй	шүүсэтэй
выносливый	тэсэбэритэй	хатуу
выпуклый	дүбэгэр	добогор	бүлхэгэр
выпускной	дүүргэлтын
выразительное чтение	уран һайханаар уншалга
высокий	үндэр	дээгүүр	ехэ
высокогорный	үндэр хадын
высокомерный	дээрэлхэг	ехэрхүү
высокопроизводительный	бүтээсэ ехэтэй
высотный	үндэр дээгүүр	үндэр гэгшын
высочайший	үндэр гэгшын	ехэ үндэр
высший	дээдэ	эрхим	эрхим дээдэ
выходной	амаралтын
вышивальный	угалзатуулан оёһон
вьючный	ганзагын
вязаный	нэхэжэ оёһон
вязкий	няалданги	няалдангир
вяленый	борсолһон	хатааһан
вялый	һула	һолхигор
гадкий	бузгай	жэрхэштэй
гаечный	гайкын	шүрэбэй
газообразный	газ дүрсэтэ
гармонический	тааралдаһан	зохирһон	найралдаһан
гастрономический	гастрономическа	эдихэ юумын
гениальный	гениальна	сэсэн мэргэн	онсо бэлигтэй
геометрический	геометрическэ
героический -героическа	баатарлиг
геройский -геройско	габьяата	баатарлиг
гибкий -уян	нугархай
гиблый	хосорһон	һалаһан
гигантский -абарга томо	асари ехэ
главный	гол	шухала	ахалагша
гладкий	жэгдэ	елэгэр	мүлигэр
гласный	аялган	нээмэл	элирхэй
глинистый	шабартай	шабарлиг
глубокий -гүнзэгы	гүн
глупый	тэнэг	дунгяа	тэншүү
глухой	дүлии
гневный	ууртай	сухалтай
гнилой	үмхи	үмхирһэн	үжэмхэй
гнусный	бузар	муухай	хара һанаатай
говорливый -хөөрүү	шолшогоноһон
говяжий	үхэрэй	үхэрэй мяхаар хэһэн
годный	таатай	таарамжатай	зохистой
годовалый	нэгэ наһатай	нэгэтэй
головной	толгойн	түрүү
головокружительный	тархяа эрьемэ
голодный -үлэн	үлэнхэ	хооһон
голосистый	хонгёо хоолойтой
голубоглазый	сэнхир хүхэ нюдэтэй
голубой	сэнхир хүхэ	сиилэгэр
горбатый	бүхэтэр	дүхэгэр
гордый	омог	дорюун
горелый	дүрэнги	шатанхай
горизонтальный	горизонтальна
гористый	уулархаг	хадархуу
горнолыжный	хада уулада санаар ябалгын
горный	хадын	уулын
гороховый	горохой	горохтой
горький	гашуун	агтай	уйдхартай
горячий	халуун
гостеприимный	хүндэшэ
государственный	гүрэнэй
готовый	бэлэн	бэлдээтэй
гражданский	гражданска	эрхэтэнэй
грамотный	бэшэгтэй	бэшэг мэдэхэ
грандиозный	асари ехэ	туйлай ехэ
гречневый	гречихын	гэршүүхын
грешный	нүгэлтэй	зэмэтэй
грозный	һүрөөтэй	аймшагтай
громадный	асари томо	арьягар
громкий	шанга	суутай
громоздкий	данхагар	барбагар	адар
грубый	ёборгон	бадарган	шэрүүн
грудной	сээжын	үбсүүнэй	хүхөөр
гружёный	ашаатай	юумэ тээһэн
грузинский	грузинска
грузный	хүндэ бэетэй	хүндэ маряатай
грустный	гунигтай	уйтай	уйдхартай
грязный -муухай	хирэтэй	затагар
губительный	хосормоор	бэедэ ехэ муу
гуманный	гуманна	энэрэнги
гусеничный	гусенична
густой	үдхэн	баглагар	агшуун
давешний	тугаарай	тугаархи
давний -үнинэй	урда урдын
давнишний	үнинэй	удаанай
далёкий	холын	холо ондоо
дальнобойный	холо һүрэдэг
дальновидный	холо харадаг	холые бододог
дальнозоркий	холо харахадаа һайн
данный	тус	туд	энэ	мүнөө
дарёный	бэлэглэһэн	бэлэг
даровитый	бэлигтэй
даровой	миинтэ
дательный (падеж) -зүгэй (падеж)
дачный	дачын	дачна
дедовский	хүгшэн абын	үбгэ эсэгэнэрэй
дежурный	дежурна	ээлжээтэ
декабрьский	декабриин
декоративный	гоёолтын	шэмэг һайхан
деликатный	зулгы зантай	илдам	ойлгод гэмээр
деловитый	шадамар	аргаша	ябуулгаша
деловой	албанай	хэрэг мэдэхэ	шадамар
дельный	бэрхэ	болохотой	шухала
демократический	демократическа
денежный	мүнгэнэй	мүнгэрхэг
деревенский	хүдөөгэй
деревянный	модон	модоор хэһэн
дерзкий	зүрюу	ёборгон	хирзага
десятичный	арбалһан	десятична
детальный	тодолһон	тодорхой
деревянный	модон
детский	үхибүүдэй
дефицитный	олдохонь шухаг	дефицитнэ
дешёвый	үнэгүй	өөдэгүй	бирагүй
деятельный	оролдосотой
дивный	гайхалтай	гайхамшагтай
дидактический	дидактическа
дикий	зэрлиг	хээрын
директорский	директорэй
длинный	ута	унжагар
длительный	үни удаан	удаан
дневной	үдэрэй
доблестный	габьяата	шэн зоригто
добровольный	һайн дуранай
добродушный	номгон абаритай
доброжелательный	һайниие хүсэдэг
доброкачественный	һайн шанартай
добросовестный	үнэн сэхэ	шударгы һайн
добротный	бэхи һайн	һайн шанартай
добрый	һайн	һайн сэдьхэлтэй
добычливый	олзуурхуу	олзоборилон абагша
довоенный	дайнай урдахи
довольный	һанаа дүүрэн
догадливый	һанаамгай
дождливый	бороотой	хуратай
дойная	һаамхай	һаалгадаг
документальный	документальна
дальний	холын
долгий	ута	ута удаан	удаан
долговечный	ута наһатай	бүхэ
долговременный -үни удаан	удаан сагай
долгожданный	үни хүлеэгдэһэн
долголетний -олон жэлэй	ута наһатай
долгосрочный	удаан болзорой
домашний	гэрэй	гэр байрын
дооктябрьский	Октябриин урдахи
дополнительный	нэмэри	нэмэлтэ
допотопный	хэзээ заяанай
дореволюционный	революциин урда тээхи
дорогой	үнэтэй	үнэ ехэтэй	хүндэтэ
дорожный	харгын	замай
досадный	халагламаар
досоветский	соведһээ урдахи
досрочный	болзорһоо урид
достоверный	лаб	лабтай	сохомтой
достойный -табимаар	хүрэмөөр
достопримечательный	алдартай	суутай
доступный	ойлгосотой	хүрэжэ боломо
дохлый	үхэһэн
доходный	олзотой	ашагтай
дошкольный	һургуулида орохо болоодүй
драгоценный	эрдэниин	үнэтэй сэнтэй
драчливый	наншалдааша
древесный	модоной
древний	эртэ урдын	эртэ сагай
дремучий	бүтүү бүглүү	шэдхэ
дробный	бутархай
дровяной	түлеэнэй
другой	ондоо	нүгөө	нүгөөдэ	буса
дружеский	нүхэрэй	инаг
дружественный	хани нүхэрэй
дружный	эбтэй эетэй	
дряной	яяр	яндан
дряхлый	зүнэг зүнтэг олоһон	үлгэ һалга болоһон
дурашливый	тэнэгшэг	аяг аашатай	тоомгүй
дурной	муу	муухай
душевный	һанаа сэдьхэлэй
душный	амяа бүтэмэ	бүгшэм
дырявый	нүхэтэй	соорхой
единственный	ганса	гансахан
единый	ниитэ	нэгэдхэмэл
еловый	хасууриин
ёлочный	ёлкын
ёмкий	багтаамжатай
естественный	естественнэ	байгаалиин
ехидный	енгүүтэй	хорон (хэлэтэй)
жадный	хомхой	хобдог
жалкий	хайратай	харамтай
жалобный	гомдолтой	гунигтай
жалостливый	эльгэ нимгэн	энэрхы
жареный	шараһан	шарамал
жаркий	халуун	бүгшэм	ааяма
желанный	хүсэһэн	хүсэһэн хүлеэһэн
желающий	хүсэгшэ	һанагша
железнодорожный	түмэр харгын
железный	түмэр	түмэрэй	шанга	хатуу
женственный	урин зөөлэн	эхэнэршүү
женатый	һамгатай	гэрлэнхэй
женский	эхэнэрэй	эхэнэрнүүдэй
жёсткий	шэрүүн	хатуу	гордогор
жестокий	хэрзэгы	хатуу	харша
жжёный	галдагдаһан
живой	амиды	мэндэ
живительный	хүсэ оруулдаг	ами үгэдэг
живописный	гоё һайханай
живучий	ута амитай	бүхэ голтой
жидкий	шэнгэн
жизнедеятельный -юумэ бүтээсэтэй
жизнерадостный	урматай	баяртай
жилой	хүнэй байдаг	гэр байрын
жирный	тарган	өөхэтэй	тоһотой
житейский	үдэр бүриин	гэр тойроной
забавный	зугаатай	энеэдэтэй
забитый	шаагдаһан	дорой	доромжологдоһон
заботливый	анхаралтай	энэрхэг
забывчивый -мартамхай
заветный	нангин гэжэ бододог	дотороо сэдьхэжэ ябаһан
завистливый	атаархаһан	хорхойтоһон
завидный	атаархамаар
завлекательный	дура татамаар
заводной	заводиилагдадаг
завтрашний	үглөөдэрэй	үглөө
загадочный	тайлбари хэрэгтэй	ойлгогдосогүй
загорелый	наранда дүрэһэн
задний	хойто	ара	гэдэргэ
задумчивый	бодолгото болоһон
задиристый	бэерхүү	наншалдааша
задорный	абьяастай	огсом	сортоотой
зажиточный	сула	шанга шадалтай
заказной	захимал
законный	хуулита	хуулиин
заковыристый	орёо
законченный	дүүрэһэн
закрытый	хаалгатай
заливной (луг)	уһанда абтадаг
замкнутый	таһаранги	бэеэ абанги
заметный	эли	мэдэхээр
замечательный	гайхамшаг
замысловатый	орёо	тойруу
замужняя	хадамтай	нүхэртэй
занятой	сүлөөгүй	забгүй
занятый	тухагүй	сүлөөгүй	эзэлэгдэһэн
запасливый	нөөсэтэй	дарасатай байдаг
записная книжка	записной книжкэ
заповедный -хорюултай	заповеднигэй
запоздалый	хожомдоһон	оройтоһон
заполярный	заполярна
запретный	хорюултай
заработанные	хүдэлжэ олоһон
заработная плата	хүдэлмэриин хүлһэн	салин
заразительный	халдабаритай
заразный	халдабарита	халдабаритай
заречный	уһанай саада бэеын
заржавленный	жэбэрһэн
зарубежный	хариин	хилын саадахи
заслуженный	габьяата
застенчивый	хирүү	нюургүй	эшэмхэй
застольный	духаряагай	хүндын
засухоустойчивый -ганда тэсэмгэй
затейливый	дан гоё	һонирхолтой
засушливый	ган	гандуу	гандадаг
заунывный	гунигтай	гуниг түрүүлһэн
затхлый	үтэһэн	үнэр ороһон	буритаһан	доройтонги
захватнический	булимтаралгын	эзэмдэлгын
захудалый	үгырһэн	ядарһан	доройтоһон
заядлый	шуналтай	хорхойтой
званый	уряалтай	уригдаһан
зверский	зэрлиг	дошхон	шунахай
звериный	ангай
звонкий	хонгёо	ханхинама
звучный	абяа ехэтэй	хонгёо дуутай
здешний	эндэхи
здоровенный	мантан	шиилагар
здоровый	элүүр	һайн бэетэй	сула
здравый	зүб	зүйтэй	бодолтой
зенитный	зенидэй
зерноочистительный	орооһо сэбэрлэлгын
зловещий	муу ёрото
зловредный	хара һанаатай
злокачественный	хорон шанартай	аюулта
злой	хорото	хоротой	муу 
злопамятный	үһөөрхүү	мууе һанадаг
злополучный	заяагүй	золгүй
злостный	хорото муухай
злорадный	мууда дуратай
змеиный	могойн	муу мэхэтэй
знакомый	танил	танил тала
знаменитый	алдарта	суута	алдар суутай
знатный	солото
значительный	нилээд ехэхэн	шухала
знойный	ааяма халуун	ааяма
золотой	алтанай	алтан	жаргалта
золотистый	алтарма	алтан шара
золотоносный	алтатай
зональный	зонын	зональна
зоркий	хурса	хёрхо
зрелый -болоһон	эдеэшэһэн	хүсэһэн
зрительный	харалгын	зрительнэ	хараад хадуудаг
зрячий	нюдэтэй	хараатай
зубастый	шүдэрхүү	хурса үгэтэй
зубчатый	шүдэтэй	араатай
игривый -аляа	тоомгүй	аягтай
идеальный	эрхим һайн	тон зохид
идейный	идейнэ
избитый	сохюулһан	наншуулһан
известный	мэдээжэ	суутай
извилистый	хотирхой
излишний	үлүү	үлүү гараһан
изменяемый	хубилдаг
изнеженный	үнжэгэн	эрхэ бэетэй
изношенный	элэһэн	һалаһан
изъявительный	саглуулһан
изнурённый	эсэһэн сусаһан	
изящный	нарин сэбэр	уран һайхан
икряной	түрьһэнэй
илистый	буртай	лайтай
иностранный	хари гүрэнэй	хариин
интересный	һонин	һонирхолтой
искусственный	хэмэл	искусственна
исправный	бүтэн	оролдосотой
испуганный	айһан	сошоһон
исследовательский	шэнжэлэлгын
испытанный	туршагдаһан
истинный	бодото	үнэнтэ	үнэн
исторический	түүхын	түүхэтэ
исхудалый	тураһан	туранхай
кавалерийский -морин сэрэгэй 
каждодневный	үдэр бүриин
калорийный	калорийна
каменистый	шулуурхаг	шулуутай
каменноугольный	шулуун нүүрһэнэй
каменный	шулуун	шулуутай
каткий	халтирхай
кипячёный	бусалһан	бусалгаһан
кирзовый	кирзовэ
кислый	гашуун	гашуутай
классный	классна	классай
классовый	ангиин	ангита
клеветнический	хардаһан	гүрдэһэн
клеёнчатый	клеёнкоор хэһэн
клейкий	няалдадаг	няалданги
клетчатый	хээтэй	клеткэтэй
книжный	номой
коварный	муу мэхэтэй	харатай
ковкий	бэлээр дабтагдадаг
кожаный -арһан	булгайр	һур
коллективный	ниитын	коллективнэ
колотый	буталһан	хахалагдаһан
колючий	хадхууртай
коммунистический	коммунистическэ
комнатный	таһалгын
комолый -мухар	эбэргүй
конкретный	элирхэй	тодорхой
конечный	һүүлэй	эсэсэй	һүүлшын
конный -моридой	мориной	морин
конский	мориной	адуунай
контрольный	шалгалгын
копчёный	утагдаһан	сонгооһон
конкретный	элирхэй	тодорхой	тобшо	тодо
коренастый	үндэһэрхүү	бүдүүн пагдагар (хүн)
коренной	уг	үндэһэн	гол
короткий	богони	оодон
корявый	мужагар	барьягар
косматый -барбагар	арбагар
космический	космическа
косолапый -маягар	маяа
костлявый -яһан туранхай
костяной	яһан	яһанай
кочевой	нүүдэл
кочковатый	болдогтой
кошмарный	зоборитой зүүдэнэй
краденый	хулгайн	хулгайлагдаһан
крайний	захын	һүүлшын
красивый	гоё	һайхан
краснознамённый	улаан тугта
красноречивый	гоёор	хурсаар хэлэдэг
краснощёкий	улаан хасартай
красочный	шэрэ будагай	онсо һайхан
краткий	богони	саг зуурын 
крашеный -будамал	будаатай
крепкий	бүхэ	бэхи	хатуу
кривой	годигор	хотирхой	һарюу
крикливый	хашхарһан	һүхирһэн
кровавый	шуһата	шуһан болоһон
кровожадный	эрлиг	шунахай
кровопролитный	шуһата
круглолицый	түхэреэн нюуртай
круглый	түхэреэн	монсогор
крупный	томо	ехэ	мандагар
крутой	эгсэ	эрид	огсом
кубический	кубическа
кудрявый	буржагар	һагсагар
культурный	болбосоронги	культурна
курносый	шантагар	шагнагар
кусковой (сахар)	кусковой	монсогор (саахар)
кустарный	гарай	гараар хэһэн
крылатый	далитай	жэгүүртэй
куцый	һүүлгүй	мухар	оодон
ладный	болохотой	таатай
лазурный	сэнхир хүхэ
лакомый	амтатай	хорхой хүрэмэ
лаконичный	тобшо	үсөөн үгэтэй
ласкательный	энхэрһэн	эрхэлүүлһэн
ласковый	энхэргэн	илдам	эрхэ
левый	зүүн	зүүн талын	һалгай
лёгкий -хүнгэн	бэлэн	һула
легковесный	хүнгэн	һэбхи
легковая машина	легковой (хүнгэн) машина
легкомысленный	бодолгүй	хүнгэн бодолтой
ледовый	мүльһэнэй	мүльһэн соогуур
ледяной	мүльһэн	мүльһэтэ
ленивый	залхуу	хашан
лежачий	хэбтэри	хэбтэжэ байһан
лесистый	ойрхуу	ой модотой	модолиг
лесной	ойн	ой модоной
ленинский -ленинскэ	Ленинэй
лесопильный	модо хюрөөдэдэг
лестный	һайшааһан
летний	зунай	нажарай
лётный	ниидэлгын	ниидэдэг
летучий	ниидэдэг
лечебный	эмнэлгын	эмшэлгын
липкий	няалданги	нилдагар
лирический	ирагуу	лирическэ
лиственный	намаата (модотой)
литературный	литературна
лихой -хүйхэр	мундуу	хорон
лицевой	нюурай	газаа	зүб (тала)
лицемерный	нюур харадаг
личный	нюурай	аминай
лишний	үлүү	үлүүсэ
ловкий	дүрэтэй	шадамар	шуран	мэхэтэй
ломкий	эбдэрсэтэй	хэбрэг	хүүрхэй
лохматый	парнагар	үрзэгэр	һэглэгэр
лощёный	елэгэр	ялайлгаһан
лунный	һарын
лукавый	муу мэхэтэй	башатай
лучший	һайн	дээрэ	үлүү һайн
лысый	халзан	малаан
львиный	арсаланай
любезный	эелдэр	урин	илдам	налгай
любимый	дуратай	амараг	инаг һанаха
любой	ямаршье	хэдышье	хэншье
лютый	галзуу дошхон	шэрүүн
маленький	заахан	багахан	бишыхан
маловатый	багашаг
маловажный	шухала бэшэ	бага сагын
малограмотный	бага бэшэгтэй	бэшэгтэ муу
малолетний -бага наһатай	наһа багатай
малочисленный	үсөөн	үсөөхэн
малый	бага	заа
малюсенький	жаахан (даа)	бишыхан (даа)
малярный	будалгын	малярна
марксистский	марксистска
марксистско-ленинский -марксистско-ленинскэ
манный	манна
масляный	тоһон	тоһоной
массовый	олониитын	ниитын
матерчатый	бүдөөр хэһэн	бүд
машинно-тракторная станция	машинно-тракторна станци
медленный	удаан	аалихан
медлительный -аали	хашан
медный	зэд	зэдэй
междугородный	городуудай хоорондын
международный	уласхоорондын
межколхозный	колхозуудай хоорондын
межпланетный	планетэнүүдэй хоорондын
мелкий	жэжэхэн	бутархай
мелководный	гүйхэн	уһа багатай
мелочный	жэжэ зантай
мёрзлый	хүрэнхэй	сэбдэг
мёртвый	үхэһэн	аниргүй	хосорһон
местный -нютагай	энэ нютагай
меткий	мэргэн	хурса
метрический	метрическэ
механический	механическа
меховой	арһан	арһаар оёһон
милый	илдам	хөөрхэн	зохидхон
минувший	үнгэрһэн	үнгэрэгшэ
мирный	эб найрамдалай
мировой	дэлхэйн	юртэмсын	эбтээ оролгын
миролюбивый	эб найрамдалда дуратай
младший	дүү	одхон	доодо	бага
млекопитающий	һүн тэжээлтэ
мнительный	һэжэгшэ	өөнтэгшэ
многоводный	уһа ехэтэй
многодетный	үнэр	сурба	олон хүүгэдтэй
многозначное число	олон тэмдэгтэ тоо
многолетний	олон жэлэй
многолюдный	хүн зон олотой
многосемейный	үнэр	сурба	бүлэ ехэтэй
многочисленный	олон тоото
могучий	хүсэтэ	хүсэ ехэтэй
могущественный	һүр ехэтэ	хүсэн түгэс
модный -модно	гоёмсог	һүүлэй модын
мокрый	нойтон
молодой	залуу	эдир
молочный	һүнэй	һүтэй
молчаливый	үгэ дуугүй	абяагүй
моральный	моральна
мороженый	хүргэһэн	хүлдөөһэн
морской	далайн
мохнатый	һаглагар	барбагар
мощный	хүсэ шадалтай
мрачный	барагар	харанхы	бүрүүл
мстительный	үһөөшэ	үһөөрхүү
мудрёный	жэгтэй	орёо	тойруу	хэсүү
мужественный	эрэлхэг	зоригтой
мужской	эрэ	эрэ хүнэй
музыкальный	хүгжэмэй	музыкальна
мускулистый	шүрбэһэлиг	шанга балсантай
мучительный	зоболонтой
мягкий	зөөлэн	зөөлэхэн
мягкотелый	һула зантай	зөөлэн зантай
мясистый	мяхалиг	мяхархуу
мятежный	үймөө хэһэн	хүлгүү
наблюдательный	хёрхо	ажаглааша
наглый	убайгүй	һэнгэргүй
наглядный	эли тодо	харуулан ойлгуулһан
надёжный	найдамтай
надоедливый	хашартай	залхуутай	шалаатай
надутый	һорхогор	бүтүүбхинги	гомдонги
назойливый	һалаха һандахагүй
наивный	гэнэн	дан сэхэ
наивысший	эгээ дээдэ	эрхим һайн
наилучший	эгээ һайн
народнохозяйственный	арадай ажахын
народный	арадай	арад зоной
наружный	гадаада	газаахи	газаа талын
нарядный	гоё хубсаһатай	гоёнхой
настойчивый	үсэд	сухаришагүй
настольный	столой	стол дээрэхи
настоящий	мүнөө	мүнөөнэй
натуральный	натуральна
нахальный	убайгүй	һэнгэргүй
находчивый	һанаамгай	һүбэлгэн
начальный	эхин	эхинэй	түрүүшын
начитанный	ном ехээр уншаһан
неблагодарный	аша туһа мэдэхэгүй
небесный	тэнгэриин	огторгойн
небольшой	ехэ бэшэ	бага	багахан
небрежный	һалан	хайша хэрэг
небывалый	үзэгдөө харагдаагүй 
неважный	ээлтэй	барагтай	нюруутай
невежественный	бүдүүлиг	харанхы мунхаг
невежливый	ёһо мэдэхэгүй	тунгаасагүй
неверный	буруу	алдуутай
невероятный	этигэжэ болошогүй
невнимательный -анхаралгүй
невиданный	үзэгдөөгүй	харагдаагүй
невинный	гэмгүй	гэм зэмэгүй
негодный	хэрэггүй	яяр яндан
неграмотный	бэшэггүй	үзэг бэшэг мэдэхэгүй
недоброкачественный	шанар муутай
недобросовестный	үнэн сэхэ бэшэ
недовольный	дураа гутанги
недостаточный	дутамаг	хүрэхэгүй
неестественный	үнэн бэшэ	юрэ бусын
нежный	энхэргэн	урин	үнжэгэн	хэбэрэг
незадачливый	азагүй	талаангүй	хүдхэ
незаметный	обёорхоор (ойлгохоор) бэшэ
незаурядный	гаһар	юрэ бусын
нездоровый	үлбэр	үбшэлэнги	бэедэ муу
неизвестный	танигдаагүй	мэдэгдээгүй
неисправимый	заһагдашагүй	заһархагүй
неисправный	эбдэрхэй	бүтэн бэшэ
некурящий	тамхи татадаггүй
некрасивый	сэбэр бэшэ	зүһэ муутай	муухай
нелепый	удхагүй	бодолгүй	таагүй
немой	хэлэгүй	хэлэ амагүй	дуугай
немощный	тэнхээгүй	шадал шэнээгүй
необходимый	шухала	хэрэгтэй
ненаглядный	хаража ханашагүй
необъятный	заха хизааргүй
необычайный	жэгтэй һонин	юрэ бусын
неодушевлённый	амигүй	амида бэшэ
неожиданный	гэнтын	хүлеэгдээгүй
неосторожный	болгоомжогүй
неотложный	яаралтай	хойшолуулшагүй
непобедимый :	илагдашагүй	диилдэшэгүй
непонятливый -ойлгосогүй
непонятный	ойлгогдосогүй
неправильный	буруу	һарюу
непременный	эрхэ бэшэ	зайлашагүй
непрерывный	таһалгаряагүй	забһаргүй
непригодный	хэрэггүй	туһагүй 
неприятный	найргүй	аягүй
непромокаемый	нэбтэрдэггүй
непутёвый	зам захагүй	тоолхогүй
непроходимый	гаталшагүй	ябашагүй
неравный	тэгшэ бэшэ	тэнсүүгүй
неразлучный	һалашагүй	хахасашагүй
нервный	нервнэ	түргэн сухалтай
нерешительный	зүрхэгүй
нереальный	дүүргэгдэшэгүй
неровный	жэгдэ бэшэ	годигор	һарюу
неряшливый	һалан
несокрушимый	эбдэршэгүй	бата
несчастный	хуби заяагүй	золгүй
неугомонный	һамаарсагүй	һаатасагүй
неудачный	урагшагүй	азагүй
неудобный	таагүй	аягүй	зохидгүй
неуклюжий	хүжүүн	адар
неустойчивый	тогтууригүй	хэлбэлзэдэг
неутомимый	эсэшэ сусашагүй
нечестный	үнэншэ бэшэ	үнэн сэхэ бэшэ
неясный	эли бэшэ	тодо бэшэ	бүдэхи
нижний	доодо	доодо талын	дорохи
низкорослый	набтар	богони
низкий	набтар	богони	доро (газар)
ничтожный	өөдэгүй юумэн
новенький	шэнэхэн
новогодний	шэнэ жэлэй 
новый	шэнэ	һаяын
нормальный	нормальна	хэмээ алдаагүй
ноский -бүхэ	бэхи (прочный)
кошеный -үмдэгдэһэн
нужный	хэрэгтэй
нынешний	мүнөөнэй	мүнөө үеын
обгорелый	дүрэһэн	шатаһан	хуухарһан
обидчивый	гомдодог	өөнтэгшэ
обиженный	гомдолтой	гомдонги
областной	областиин
обманчивый	мэхэтэй	хуурмаг
образцовый	жэшээтэ
образованный	эрдэмтэй	һургуулитай
обрывистый	эгсэ
обстоятельный -тодорхой	бодолтой
обширный	уужам	үргэн
общедоступный	хүнэй хүшэ хүрэмөөр	хүнэй ойлгомоор
общенародный	ниитэ арадай
общеобразовательный	общеобразовательна
общественный	общественнэ	олониитын
общий	хамтын
общительный	хүнөөр ниисэтэй	хүндэ халдасатай
объективный -объективнэ	бодото үнэн (байдал)	үнэн сэхэ
обыкновенный -юрын	жиирэй
обычный	юрын	юрэ хирын	жиирэй
обязательный	уялгатай	заатагүй
оглушительный	шэхэ дүлиирмэ
огненный	гал	галай	дүлэтэмэ
огнеупорный	галда шатасагүй
огромный	туйлай ехэ	угаа томо	мантан
одинаковый	адли	сасуу	тэнсүү
одинокий	ганса	ганса бэе
однодневный	нэгэ үдэрэй
однозвучный	нэгэ абяатай
однокомнатный	нэгэ таһалгатай
одноместный	нэгэ һууритай
одномоторный -нэгэ мотортой
однообразный	нэгэл янзын
одноствольный	нэгэ аматай
одноцветный	нэгэ үнгэтэй
одушевлённый	амиды	зоримгой
озимые	намарай таряан
озорной	тоомгүй 
оконный	сонхын
окончательный	эсэсэй	эсэслэн шиидхэһэн
окружающий	оршон тойроной	тойронхи
опасный -аюултай	аймшагтай
опрометчивый	бодолгогүй	бодолгүй	яаруу
опрятный	ариг	арюун	сэбэрхэн
оптимистический	оптимистическэ
опытный	опытно	туршалгын	дүршэлтэй
организационный	эмхидхэлэй
основной	үндэһэн	гол	уг
особенный	тусгаар	онсо	өөрэ
особый	тусгаар	онсо	тусхай
остальные	бэшэниинь	үлэгшэдынь
осторожный	болгоомжотой
остроконечный	хурса үзүүртэй	шүбэгэр
остроумный	хурса ухаатай	сэсэн	мэргэн
острый	хурса
отважный	шэн зоригтой	зүрхэтэй
ответственный	харюусалгатай
отвратительный	ой гутама	жэрхэбтэр
отдельный	амяараа	тусгаар
отеческий	эсэгын
отзывчивый	урид һанаатай	хайхарамжатай
откровенный	үнэн сэхэ	элитэ
отличный	эрхим	эрхим һайн	һүрхэй
отложной воротник	һэхэмэл заха
отрывной календарь	таһалдаг календарь
отрывочный	дутуу ядуу
отсталый	хожомдоһон	гээгдэһэн
отсутствующий	үгы байһан	ерээгүй
отцовский	эсэгын	абын
отчётливый	тодо	тодорхой	элирхэй
отчётный	тоосоото	тоосооной
отчий	абын	эсэгын
отчаянный	сүхэрһэн	галзуу	зоригтой	ехэ шуналтай
отъезжающий	замда мордогшо
охриплый	һөөлдэнги
очаровательный	дура буляаһан	һайхашаамаар
очередной	ээлжээтэ	ээлжээнэй
ошибочный	алдуутай	эндүүтэй	буруу
пакостный	жэрхэштэй	муу хэдэг
памятный	марташагүй	тэмдэглэлэй
парадный	парадна	һайндэрэй
параллельный	параллельнэ
парный	паарна
паровой	паровой	паарай	ууралта
партизанский	партизанска
партийный	партийна	партиин
пасмурный	бүрхэг	бүрэлгэн	барагар
пассивный	эдэбхигүй
пахотный	хахалалгын	таряалангай
пахучий	хангалтадаг	үнэртэй
певчий	дууша
педагогический	педагогическа
первобытный	анха балар сагай	эртын эртэ сагай
первоклассный	дээдэ зэргын	эрхим
первомайский	майн нэгэнэй
первоначальный	анханай	түрүүшын
передвижной	хүдэлгэдэг	нүүдэл
передний	урда	урдахи	наада
передовой	түрүү	түрүү зэргын
перелётная птица	бусадаг шубуун
перемётная сума	ганзагын сумаа
переносный	дамжуулагдадаг	абтадаг	ондоо
пересечённая местность	тэгшэ бэшэ газар
переходный	переходно	саашаа оролгын	забһарай
перловая крупа	перлово хүрпээ
пернатый	жэгүүртэ	жэгүүртэнэй
персональный	персональна
перочинный нож	донгорог
песцовый	сагаан үнэгөөр хэһэн
песчаный	элһэн	элһэрхүү	элһэтэ
печальный	гунигтай	уйдхартай
печатный	хэблэдэг	хэблэмэл
печёный	бариһан	болгоһон	буламал
пешеходный	ябаган (хүнэй)
пеший	ябаган
пилёный	хюрөөдэһэн	хюрөөдэмэл
писчий	бэшэгэй
письменный	бэшэмэл	бэшэлгын
питательный	тэжээлтэ	хоолтой
питьевой	ууха	уудаг
пламенный	дүлэтэмэ	бадарһан
плановый	түсэбтэ	түсэблэлгын
платный	түлөөһэтэ	мүнгэтэ
плачевный	уйлаганаһан	харамтай
пленный	плендэ абтаһан	пленнэ
плетёный	гүрэмэл	гасамал
плечистый	үргэн мүртэй	ээмэрхүү
пловучий	хөөрөөд байдаг	урадхал
плодовитый	үрэжэлтэй	үдхэбэритэй
плодовый	жэмэстэй	эдеэтэй
плодоносный	үрэжэлтэй
плодородный	үрэжэлтэй
плодотворный	аша үрэтэй
плоский	хабтагар	малагар
плотничный	модошо дарханай
плотный	нягта	зузаан	багжагар	садхалан
плохой	муу	яяр
победный	илалтын	илалтата
повелительный	захирһан
поворотливый	шуумар	шуумгай
повсеместный	газар бүриин (бүхэнэй)
повторный	дахиһан	дабтаһан
пограничный	хилын	хилэ шадарай
податливый -зөөлэн	бэлэн	үгэдэ оросотой
подвижной	хүдэлдэг	тэршээ
подводный	уһан дорохи
подготовительный	бэлэдхэлэй
подержанный	бариһан	үмдэһэн
подземный	газар дорохи
подлёдный	мүльһэн дорохи
подлый	муу муухай	хорото
подножный корм	ногоон	хагдан	бэлшээри
подобный	адли	шэнги	мэтэ	тиимэ
подозрительный	һэжэглэлтэй
подопытный	опыт хэгдэжэ байһан
подробный	тодорхой	дэлгэрэнгы
подходящий	дүтэлжэ байһан	таатай	зохистой
подчинённый	мэдэгдэнги
пожарный	пожарна (түймэрэй гал унтараагша)
пожизненный	бүхы наһанай	наһан соохи
пожилой	наһатай	үбгэжөөл
позапрошлый год	урзандахи жэл
поздний	орой	оройтоһон	орой болоһон
позорный	бузар	зүдэг	зутар
показательный	жэшээ харуулһан
показной	жэшээтэ	харуулха гэһэн
покатый	ташуу	налуу	уруудам
покладистый	үгөөр	зөөлэн	зулгы
покойный	номгон	амгалан	наһа бараһан	үхэһэн
покорный	үгөөр	үгэ дууласатай
покупной	худалдажа абаһан
полевой	хээрын	тала газарай
полезащитный	поли хамгаалгын
полезный	ашатай	туһатай
политехнический	политехническэ
политический	политическэ
полновесный	хүсэд шэгнүүритэй
полновластный	дүүрэн засагай эрхэтэй
полноводный	уһа элбэгтэй	ехэ уһатай
полнокровный	шуһа ехэтэй	ажаябуулга ехэтэй (байдал)
полноправный	дүүрэн эрхэтэй
полноценный	сэндээ хүрэмэ
полный	дүүрэн	дүүрэһэн
пологий	налагар	налуу
полосатый	һудалтай	алаг
положенный -урид хараалагдаһан	томилогдоһон
положительный	положительна	зүбшөөһэн	баталһан	һайнда тоотой
полоумный	дутуу ухаатай
полуденный	үдын	хахад үдэрэй
полукруглый	бүхөөгтэһэн
полярный	полярна
понятливый	юумэ ойлгосотой
понятный	ойлгосотой	ойлгомжотой
поперечный	хүндэлэн
популярный	мэдээжэ	популярна
попутный (ветер)	ябаһан зүг уруунь үлеэһэн (һалхин)
породистый	үүлтэр һайтай
порожний	хооһон	һула
портативный	заахан	портативна
порядковый (номер)	порядково	дугаарлаһан
порядочный	нилээд ехэ	һайн	үнэн сэхэ	томоотой
послевоенный	дайнай удаадахи
последний	һүүлшын	һүүлэй
последовательный	удаа дараа үргэлжэлһэн
послушный	үгөөр	үгэ дууласатай
посторонний	буса	ондоо	хажуу хүн
постоянный	саг үргэлжын	үнэн	тогтууритай
постраничный	хуудаһан бүхэнэй
потерянный	гээгдэһэн	хаягдаһан
потешный	энеэдэтэй
похвальный	магтаалай
похожий	түһөөтэй	адли
почётный	хүндэтэй
почтительный	хүндэшэ	хүндэлдэг
правдивый	үнэн	үнэн сэхэ	зүб
правильный	зүб	тэгшэ
правый	баруун	үнэн сэхэ	зүб
праздный	юушье хэдэггүй	хооһон	хии
превосходный	эрхим һайн
предательский	урбаһан
предварительный	уридшалһан
предвыборный	һунгалтын урдахи
предоктябрьский	Октябриин урдахи
предпраздничный	һайндэрэй урдахи
предприимчивый	шадамар	шуран бэрхэ
представительный	түлөөлгэтэ	түлөөлэгшэнэрэй	томоотой
предусмотрительный	болгоомжотой	һэргэг
предыдущий	урдахи	энээнэй урдахи
прежний	урдахи	урдын	урданай
презрительный	баһамгай	доромжолдог
прекрасный	гоё һайхан
прелестный	хөөрхэн	сарюун
пресный	дабһагүй	забаан
престарелый	үтэлһэн	үндэр наһатай
преступный	гэмтэй
приблизительный	багсааһан	тухайлһан
приветливый	урин	илдам	баяртай
привлекательный -дура татасатай
привозной	асарагдаһан
пригласительный	уряалай
пригодный	хэрэгтэй
придирчивый	халдадаг	аһалдадаг
приезжий	ерэһэн хүн	ерүүл
прилежный	оролдосотой
приличный	гуримтай	болохотой 
примерный	жэшээтэ	тухайлһан
примитивный	тулюур	бүдүүлиг
принудительный	баалалтын
природный	байгаалиин	түрэлхи
пристальный	шэртэһэн	гэтэһэн
притворный	худал	мэхэшэ
приторный	нялуун	дан амтатай
прихотливый	үнжэгэн
причудливый	гайхалтай һонин
приятный	аятай	зохид	наартай
пробный	туршалгын 
проверенный	шалгагданхай 
проворный -солбон	шуран	бушуу
прогрессивный	прогрессивнэ	улам хүгжэнги	түрүү
продажный	худалдаанай 
продолговатый	уташаг	гонзогор
продолжительный	үни удаан	ута
прожиточный	хоолойгоо тэжээлгын
прожорливый	хомхой	эдеэмэр
производительный	бүтээсэ ехэтэй
проклятый	хараал шэнгэһэн
проливной	уһа ехэтэй (бороо)
промокательная бумага -бэхэ һородог саарһан
промышленный	промышленна
пронзительный	хахир шанга
прописной	ехэ (үзэг)	прописиин
противный	муухай	жэрхэштэй
противоположный	нүгөө талын	тад ондоо
противоракетный	противоракетнэ	ракетэ тодон бариха
противоречивый	харша	зүрюу
противотанковый -противотанкова	танкнуудые тогтоохо
проточный	урадхуул	урадхал
простой	простой	юрын
просторный	уужам
простодушный	гэнэн	сэхэ	мэхэгүй
противный	муухай	жэрхэштэй
противовоздушный	противовоздушна	дайсанай авиациһаа хамгаалха
протяжный	улинха	утаар татаһан
прохладный	һэрюун	хүйтэншэг
проходная будка	проходной будка
прочный	бүхэ	бата	бэхи
прошедший	үнгэрһэн	гараһан
прошлогодний	нёдондохи
прошлый	үнгэрһэн	үнгэрэгшэ
прощальный	хахасалгын	таралгын
прямой	сэхэ
прямоугольный	сэхэ булантай
публичный	публична	олониитын
пугливый	аймхай	сошомгой
пузатый	ехэ гэдэһэтэй	тэзэгэр
пустой	хооһон	һула	хүнды
пустотелый	хүнды
пустынный	эзэгүй	хооһон	хүн амитангүй
пушистый -барбагар	һэмбэгэр
пушной	пушной
пыльный	тооһотой
пытливый	һонирхуу	мэдэхэеэ хүсэдэг
пышный	гоё һайхан	хүбхэгэр
пятикратный	табан дабхар
работящий	хүдэлмэришэ	хүдэлмэридэ дуратай
рабский	богоолой	барлагай
рабоче-крестьянский	хүдэлмэришэн таряашанай
рабочий	хүдэлмэришэн
равномерный -нэгэ жэгдэ
равный	адли	тэнсүү	тэгшэ
рад	баяртай
радостный	баяртай	хүхюутэй 
радушный	урин дулаан	хүндэшэ
разбитной	хүхюун	өөрэ	шуран
разбитый	эбдэрхэй	бутархай
разборный	задардаг	һаладаг
разборчивый почерк	тодо почерк	элеэр бэшэдэг
развёрнутый	дэлгэмэл	задалһан
развесистый -һалаа ехэтэй
развитой	бэхижүүлһэн	болбосоруулагдаһан
разговорный	хөөрэлдөөнэй
разговорчивый	хөөрүү	үгэнсэр
различный	ондо ондоо	элдэб
разнообразный	олон янзын	элдэб
разный	ондо ондоо	элдэб
разрезная азбука	хайшалмал азбука
разумный	ухаатай	ухаансар
разъяснительный	тайлбарилгын
ранний	эртын	эртэ болоһон
рассеянный	алмайранги	таруу	таранги
растительный	ургамалай
расторопный	шуумгай	шуумар	габшагай
расточительный	(мүнгэндэ) һабагүй	зөөриншэгүй	холшор
расчётливый	гамтай	бодомжотой
рваный	хахархай	һангирхай	удархай
реактивный	реактивна
революционный	революционно
регулярный	ходо болодог	таһалдадаггүй
редкий	шэнгэн	таруу	һэрхигэр	шухаг	хоморой
резвый (конь) -тэршээ	хурдан	ульгам
резкий	хурса	шэрүүн	шанга	эрид
рекордный	рекордно	эрхим дээдэ
религиозный -шажанай	һүзэгтэй
решённый	шиидхэгдэһэн	шиидэһэн
рентабельный	рентабельна	ашагтай	гарза харюусалгатай
ретивый конь	хөөрүү	хүхирмэг морин
речистый	гоёор дуугардаг
речной	мүрэнэй	голой	уһанай
решительный	зоригтой	зүрхэтэй
ржавый	жэбэрһэн	жэбын	жэбэтэй
ржаной хлеб	хара хилээмэн
рисовальный	зуралгын
рисовый	рисэй	рисовэ
робкий	хитүү	зүрхэгүй	аймхай
ровный	жэгдэ	тэгшэ	сэхэ
рогатый	эбэртэ
родимый	түрэһэн	түрэл	мэнгэ	ашаг
родительский	эхэ эсэгын
родной	түрэһэн	түрэл
роковой	үйлэ муута	шоро муута
романтический	романтическа	гоё һайхан бодолой
роскошный	ехэ гоё	гоё һайхан
рослый	бэетэй	нюргатай
российский	российска
ругательные слова	харааһан үгэнүүд
рукопашный	бар хүсөөрөө бололсоһон
румяный	ягаа улаан
русоволосый	шара үһэтэй
русский	ород (хүн)
русый	шара
ручной	гарай	гар тэжээмэл
рыбный	загаһанай	загаһа элбэгтэй
рыхлый -бамбагар	зөөлэн	һула
рядовой	жиирэй	рядовой
сальный	тоһон	өөхэ тоһон болоһон
самобытный	онсо өөрын шанартай
самовольный	өөрэ мэдэлтэй	дураараа болодог
самодельный	өөрын хэһэн	гар хэлгын
самодеятельный -һайн дуратанай
самостоятельный	бэеэ даанхай
самоходный	өөрөө ябадаг
самый	эгээн	тон
санитарный	санитарна
сберегательная касса	нөөсэлгын касса
свежий	шэнэ	һаяын	тунгалаг
сверхзвуковой -абяанһаа түргэн
свинцовый	туулган	туулгатай
свирепый	зэрлиг ууртай	галзуу
свободный	эрхэ сүлөөтэй	сүлөөтэй
связанный -хүлеэтэй	уяатай	холбоһон
свободолюбивый	эрхэ сүлөөдэ дуратай
своевременный	саг соонь хэгдэһэн
своенравный	өөрынгөө дураар	жэгтэй зантай
святой	нангин	арюун һайхан
сговорчивый	үгэдэ оросотой
седой	буурал	буурал сагаан
сезонный	сезоной	сезонно
сельский -хүдөө	хүдөөгэй	сельскэ
сельскохозяйственный	хүдөө ажахын
семейный	гэр бүлэтэй
семенной	хүрэнгын
семилетний	долоон жэлэй
сердечный	зүрхэнэй	дүтын	илдам
сердитый -сухалтай	ууртай
серебристый	мүнгэлиг	шэнхинэһэн
серебряный	мүнгэн	сагаан мүнгэн
сероглазый	хүхэльбэ нюдэтэй
серьёзный	томоотой	бодолготой
сидячий	һуумал	һуумга	һуудалай
сильный	хүсэтэй	шанга	бэрхэ
симпатичный	хөөршөөмөөр	урихан
скверный -бузар булай	яяр
складной	эбхэгдэдэг	нугардаг
скорый	түргэн	хурдан	бушуу
скользкий	халтирхай	һолжоруухай
скромный	даруу зантай	нам
скрытный -барюу зантай	юумэ хэлэдэггүй
скупой	харуу	хяһуур
скучный	уйдхартай	гунигтай
слабый	һула	шадалгүй 
слабоумный	ухаа муутай
славный	алдарта	суута	зохид
сладкий -амтатай	саахартай
следующий	удаадахи	хойто
слепой	һохор	харадаггүй
слесарный	слесарна
слитный	суг	сугтань	ниилэнги
словесный	аман үгын
сложный	сложно	эрхэтэй	орёо
служебный	албанай	туһалагша
случайный	гэнтын	тушаан болоһон
слюнявый	шүлһэрхүү
смежный	хүршэ	зэргэлээ
смекалистый	һүбэлгэн	ухаамгай
смелый	зүрхэтэй	зоригтой
смертельный	аюултай	үхэлэй
смертоносный	үхүүлдэг	аладаг
смехотворный	энеэдэтэй
смешной	энеэдэтэй	энеэдэһээ хүрэмэ
смешанный	холимол	холисо
смирный	номгон
смолистый	дабирхайтай
смутный	бүүр-түүр	бүдэхи
снисходительный	зөөлэн	хүлисэнги
собачий	нохойн
соблазнительный	хорхойтохоор
собственный	үмсын	өөрын	хубита
совершеннолетний	наһаа гүйсэһэн
советский	советскэ	совет
совместный	хамтарһан	хамтын
современный	нэгэ үеын	мүнөөнэй
согласный	зүбшөөһэн	эбтэй
согласованный	тааруу	һаналаа нэгэдэнги
содержательный	удхаар һайн	гүнзэгы удхатай
соединительный	нэгэдүүлһэн	холбоһон
сознательный	ухаатай	ушар мэдэхэ
сокрушительный	бута сохиһон	айхабтар хүсэтэй
солёный	дабһатай	дабһалһан
солидный	бата бэхи	хүдэр	һайн
солнечный	наранай	наран
сомнительный	һэжэглэлтэй
сонливый	унтаана	үргэһэлиг
сонный -нойроо хүрэһэн
соответственный	тусхайта	таатай
соответствующий	таарамжатай	тааруу	зохид
сорный	шоройн	бог шоройн
соседний	хүршын
составной	оролсоһон	бүридүүлһэн
состоятельный	үндэһэтэй	шадалтай
сотый	зуудахи
социалистический	социалистическэ
сочный	шэмэтэй	шүүһэлиг
спальный	унталгын	унтариин
спасательный	абаралгын	аршалалгын
спелый	болоһон	болбосорһон
спесивый	ехэрхүү	һайзгай	дээрэлхэг
специальный -тусхай	онсо
спешный	яаралтай	шамдуу	түргэн
сплошной	үргэлжэ	таһалгаряагүй
спокойный	номгон	нам	намдуу
спорный	арсалдаатай	арсаатай
способный	бэлигтэй	хурса
справедливый	үнэншэ	үнэн сэхэ
справочный	справочна	тайлбари үгэдэг
сравнительный	зэргэсүүлһэн	жэшэһэн
средний	дунда	дундахи
срочный	яаралтай	шамдуу
стальной -булад	буладаар хэһэн
станковый	станкова	станогой
старательный	оролдосотой
старинный	хуушанай	урданай
старомодный	хуушан модын
старший	аха	ехэ	ахамад
старый	хүгшэн	хуушан
стационарный	стационарна
стельная -түрэхэ	тугаллаха
степенный	түбшэн	бодолтой
стеснительный	аягүйрхэнги	хитүү
столовый	эдеэнэй	столово
столярный	модо дархалдаг	модоной
стоячий	зогсоһон	байнхай
страдательный	хүлеэгдэһэн
страстный	шуналтай	абьяастай
стратегический	стратегическэ
страшный	аймшагтай	һүртэй
стрелковый	буудалгын	стрелково
стремительный	хурдан	шуумар	эршэмтэй
стриженый	үһөө абхуулһан	нооһоо абхуулһан
строгий	шанга	нарин	тэгшэ
строительный	барилгын
стройный	тэгшэ бэетэй	жэрэгэр
стыдливый	эшэмхэй	эшэнгир
сугубый	үлэмжэ	ехэ	онсо
судоходный	суднын ябадаг
суеверный	мухар һүзэгтэй
суетный	хооһон шанартай
сумасшедший	хиитэй	үбэштэй	галзуу
суровый	хатуу	шэрүүн	бэрхэтэй
суточный	сүүдхэ соохи	хоногой
сухой	хуурай	хатаһан	гандуу	уһагүй
сухопутный	хуурай газарай
сухощавый	туранхай	гардагар
сучёный	томоотой	томоһон	мушхаатай
сучковатый	гэшүүһэрхэг
сушённый	хатааһан	хатаамал
схематичный	тобшо	түргэбшэ
счастливый	жаргалтай	золтой
съедобный	(хүнэй) эдидэг	эдеэндэ ородог
съёмочный -абалгатай	буулгалгын
съестной	эдеэ хоолой
сыпучий	бутархай	үйрхэй
сырой -шиигтэй	нойтон	түүхэй
сытый	садхалан	үег	тарган
сытный	шэмэтэй	садхаасатай
таёжный	хүбшын	ой тайгын
таинственный	далда	нюуса	таагдашагүй
тайный	нюуса	далда
тактичный	түбшэн	юумын түхэл мэдэдэг
талантливый	бэлигтэй	эрдэмтэй	абьяастай
талый	гэдхэн	гэдэнги	һайрамай
тамошний	тэндэхи
танцевальный	танцевальна	танцын
твёрдый	хатуу	бата
творительный	творительна
театральный	театральна
телячий	тугалай
тематический	тематическа
тёмный	харанхы	бүрүүл	муу 
теоретический	теоретическэ
теперешний	мүнөөнэй	мүнөө үеын
тёплый	дулаан	бүлеэн	халуун
тернистый	хадхууртай	хүндэ хүшэр
терпеливый	тэсэбэритэй	тэсэмгэй
тесный	уйтан	хабшуу	барюу	нягта
технический	техническэ
типичный	жиирэй	олоной шэнжэтэй
тихий	аргаахан	аалихан	нам
товарищеский	нүхэрэй
товарный	бараанай	товарна
токарный	токарна
толковый	тодо	тодорхой	үгэнүүдые тайлбарилһан
толстый	бүдүүн	тарган	зузаан
томатный	томадай
томительный	эсэбэритэй	хашартай	хүндэ
тонкий	нимгэн	нарин	һарсагар
тонкий -нарин	шэнгэн	һонор
торжественный	баярай	ёһололой
торопливый	яаруу	шамдуу
точёный -хурсадаһан	хурса
точильный	бүлюугэй
точный	нарин	нягта
травоядный	үбһэн тэжээлтэ
требовательный	эрилтэ ехэтэй
трезвый -элүүр	архи уудаггүй	бодолтой
тренировочный	һорилгын	тренировочно
трескучий	янгинама	хубхай наярһан
треугольный -гурбан буланта
трехсторонний	гурбан талатай
трикотажный	трикотажна
трогательный -досоо уярма
трубчатый	сорго дүрсэтэй	соргонуудтай
трудный	бэрхэтэй	хэсүү	хүндэ	хүшэр
трудовой	ажалша
трудолюбивый	ажалша	ажалда дуратай
трудоспособный	ажаллаха шадабаритай
трусливый	аймхай	зүрхэгүй
тряский	дэншээ	дондоргон
тугой	хүжүүн	шанга	хатуу
туманный	манатай	балар
тупой	мохоо	һүлэр
тусклый -бүдэхи	бүрүүл	һүлэмхи
тщательный	нарин	нягта
тяжёлый	хүндэ	хүшэр
убитый -алуулһан	үхэһэн
уборочный	(ургаса) хуряалгын
увеличительный	томо болгодог
уверенный	найдамтай	этигэнги
увесистый	хүндэ шанартай	хүндэ	шанга
угнетённый	дарлагданги	зобонги
увлекательный	һонирхолтой	шуналтай	дашуурма
угрюмый	барагар	бүрэгэр	хүйтэн шэгтэй
удалой -хүйхэр	эдирхэг
ударный	ударна	яаралтай
удачный	урагшатай	бүтэмжэтэй
удивительный	гайхалтай	жэгтэй
удобный	зохид	тааруу	таатай
удовлетворительный	хангалтатай
ужасный	аймшагтай	айхабтар муухай
узкий	уйтан	нарин	хабшуу
указательный палец	долёобор хурган
укромный	далда	бүглүү
умелый	шадамар	шадамгай
уместный	болохотой	зохид
умный -ухаатай	сэсэн
умственный	ухаанай
унылый	урмаа хухаранги	уйдхартай
упорный	үсэд	нэтэрүү
упругий	хүжүүн	хүдэр
упрямый	үсэд	хэдэр	зүрюу
уродливый	гутааһан	үзэмжэгүй
усатый	һахалтай
усердный	оролдосотой
усидчивый	тэсэбэритэйгээр	нэтэрүүгээр һуудаг
усиленный	шангадхаһан	түргэдүүлһэн
условный	тусхай хэлсээтэй	условно
услужливый	туһаша	туһамарша
успешный	амжалтатай	бүтээмжэтэй
усталый	эсэһэн	эсэһэн сусаһан
устарелый	хуушарһан	хуушаранги
устная речь	аман хэлэлгэ
устойчивый	тогтууритай
уступчивый	үгэдэ оросотой
утиный	нугаһанай
утомительный	эсэбэритэй	хашартай
утренний	үглөөнэй
ухабистый	ялхитай	ухаабатай
учебный	һуралсалай	һураха
ученический	һурагшын
уютный	зохид	таатай
фабричный	фабрикын
фактический	бодото	фактическа
фальшивый	хуурмаг	мэхэ
федеративный	федеративна (холбоото)
фигурный	фигурна	хээ угалзатай	гоёолтотой
физический	физическэ
физкультурный -физкультурна
философский	философско
финансовый	мүнгэнэй
фланелевый	фланелевэ	фланель
формальный	формальна	формо баримталһан	хуули ёһо баримталһан
фронтальный	фронтальна
халатный	һалан	хайша хэрэг
характерный	һанаһанаа табидаггүй	өөрынхеэрээ болодог
характерный -онсо шэнжэтэй	онсо илгаатай
хвалёный	ехээр магтуулһан
хвастливый	һайрхуу	бардам
хвойное дерево -шэлбэһэтэ модон
хилый	тэнхээгүй	үлбэр
химический	химическэ	химиин
хитроумный	аргатай	мэхэтэй
хитрый	мэхэтэй
хищный -мяхаша	шунахай
хладнокровный	доро зүрхэтэй
хлебный злак	залаата таряан
хлопчатобумажный	хлопчатобумажна
хмурый	барагар	харалган
ходячий	хүл дээрээ ябаһан
хозяйственный	ажахын	ажалша
холмистый	гүбөөтэй	доболиг
холодный	хүйтэн
холостой	хооһон	гэрлээгүй хүн
хоровой	хоровой	дуунай
хорошенький	һайхан	сэбэрхэн
хороший	һайн	ёһоор
храбрый	зүрхэтэй	зоригтой
хриплый	һөөлдэнги
хромой	дохолон
хронический	саг үргэлжын	ужаһан( үбшэн)
хрупкий	бэлэн	хэбэрэг	үлбэгэр
художественный	уран һайханай
худой	муу	муудаһан
худощавый	маряагүй	туранхай
цветистый	олон үнгын	эреэн
цветной	үнгэтэ	үнгэлһэн
целебный	үбшэ эдэгээдэг	бэедэ һайн
целый	бүхэли	дүүрэн	бүтэн
ценный	үнэтэ	үнэтэй сэнтэй
центральный	гол	түб	дундахи
цепной	гэнжэтэй
чайный	сайн
частичный	зарим хубиин	зарим
частный	тусгаар	онсо	өөрсэ
частый	ходо болодог	оло ушардаг
чахлый	хатангир	наршагар
человеческий	хүнэй	хүн зоной
червивый	хорхойтой	үтэтэй
чернобровый	хара нидхэтэй
черноглазый	хара нюдэтэй
чернобурая лиса	халтар хара үнэгэн
черновое письмо	бэшэгэй хара
черноволосый	хара үһэтэй
черноглавый	хара толгойтой
черномазый	пэтэн хара шарайта
чёрствый	хатанхай	шэрүүн
чертёжный	чертёжно	зурагай
честный	үнэн сэхэ
чёткий	эли	тодо	тодорхой
чётный	тэгшэ
чистокровный	сэбэр үүлтэрэй
чистоплотный -сэбэр ябалгын
чистосердечный	үнэн сэдьхэлэй	залан сэхэ (хүн)
чистый	сэбэр	хирэгүй	тунгалаг
читальный зал	уншалгын зал
чищенный	арилгаһан	сэбэрлэһэн
чрезвычайный	туйлай	тусхай	онсо
чувствительный	хурса мэдэрэлтэй
чудаковатый	һониншог зантай
чудесный	юрэ бусын	жэгтэй	гайхалтай
чудный	гайхалтай
чудовищный	абарга томо	аягүй ехэ	хэтэрхэй муухай
чужой	ондоо хүнэй	бусадай
чумазый	затагар хара
чуткий	һонор	һэргэлэн	һэримжэтэй
шаловливый	тоомгүй	тоомоо таһардаг
шарообразный	түхэреэн	монсогор
швейная машина -оёдолой машина
шёлковый	торгон	торгоной
шероховатый	бэржэгэр	эржэгэр
шершавый	шэрүүн	үрэбтэр
шикарный	гоё	һайхан
широкий	үргэн	уужам
широковещательная станция -радиодамжуулгын станци
штрафной	ялата	ялын	штрафной
широкоплечий	үргэн мүртэй
широкоэкранный	үргэн экрантай
штучный	штучна
шумливый	шууядаг	шууюур
шумный	шууяатай	абяатай
шустрый	бушуу	шуумар
шуточный	шог	энеэдэтэй
щедрый	бардам	элбэг	дэлбэг
щекотливый	гэжэгэнэдэг	болгоомжотой	түбэгтэй
экономический	экономическа	экономикын
экскурсионный	экскурсионно
экстренный	онсо яаралтай	хойшолуулашагүй
электрический	электрическэ
элементарный -элементарна
эмалированный	эмалированна
эмоциональный	сэдьхэл хүдэлгэмэ
энергичный	эдэбхитэй	эршэмтэй
эрудированный	ехэ эрдэмтэй	олон юумэ мэдэдэг
эстетический	эстетическэ
эффективный	үрэтэй	ашагтай
юный	эдир	эдир залуугай
юридический	хуулита	хуули ёһоной
юркий	солбон	түргэн
ядовитый	хорото	хорон	хадхуу
явный	эли	элитэ	тодо	тодорхой
яловый	һубай	булгайр
яркий	ялагар	хурса	эли тодо
яровой	хабарай	хабар таридаг
яростный	галзуу	ехэ сухалтай
ярый	шунахай	үсэд	шуналтай
ясный	һаруул	сэлмэг	гэгээн.

А. Прилагательные	обозначающие цвета	үнгэ тэмдэглэһэн тэмдэгэй нэрэнүүд
алый	ягаа улаан
белый	сагаан
белоснежный	саб сагаан
бледный	сухигар сагаан	хубхигар
бледно-зелёный	ногооншог
бордовый	хүри улаан
бурый -хүрин	хара хүрин
вишнёвый	хүри улаан
голубой	сэнхир хүхэ	сэгээн	сиилэгэр
зелёный	ногоон
золотистый	алтан шара	алталиг	алтарма
коричневый	хүрин
красный -улаан: улаан туг	Улаан Арми	улаан булан	улаан зандан	улаан шэрэ
мутный	булангиртай	һүлэмхи	бүдэхи
оранжевый	шара улаан
пёстрый -эреэн	алаг
прозрачный	гэрэлтэй	һэрхигэр	тунгалаг
разноцветный	элдэб үнгэтэй	үнгэ бүриин
розовый	ягаан
румяный	ягаа улаан
рыжий	шара улаан	шаргал улаан
рябой	эреэн соохор
светлый	гэрэлтэй	һаруул	тунгалаг
серебристый	мүнгэн	мүнгэлиг
серый	боро
синий	хүхэ
смуглый	харабтар хүрин
тёмный	хара бараан	бараан
фиолетовый	ягаан хүхэ
чёрный	хара.
беломордый	сагаан хоншоортой
белый	сагаан
буланый	һаарал
бурый	хара хүрин	хүрин
вороной	хара
гнедой	хээр
игреневый	халюун	сабидар
каурый	ухаа
пегий	алаг
пестроголовый	малаан	эреэн соохор тархитай
пёстрый	эреэн	алаг эреэн
полосатый	һудалтай	алаг
рыжий	шаргал улаан	зээрдэ
саврасый	хула
серебристо-чёрная лиса	ялаганаһан хара үнэгэн
серый	боро
сивый	сиибэгэр	хүхэ
смурый	хара боро	хара хүрин
соловый	шаргал	шарга
чалый	буурал
чернобурая лиса	халтар хара үнэгэн.

