1. НЕЖИВАЯ ПРИРОДА	АМИГҮЙ БАЙГААЛИ.
В этот раздел входят неодушевленные предметы природы: из них металлы и минералы выделены в особую группу.
Атом	водород (мн. ч. нет)	вулкан	газ	кислород (мн. ч. нет)	
климат (мн. ч. нет)	космос (мн. ч. нет)	нефть (мн. ч. нет)	оазис	океан	планета	туман.
Антарктида (мн. ч. нет)	Антарктида
Арктика (мн. ч. нет)	Арктика
берег	эрье
болото	намаг
бугор	добо	добуун
буран	бордоһон
буря	шуурган
вершина	орой	орьёл
весна	хабар
ветер	һалхин
вечер	үдэшэ
вид	түхэл	маяг	янза	дүрсэ	дүрэ
влага	шииг	нойтон
вода	уһан
водопад	хүүюур
воздух (мн. ч. нет)	агаар 
волна	долгин
восток (мн. ч. нет)	зүүн зүг
восход	гаралга	мандалга
гора	- хада	уула
горизонт	огторгойн хаяа
град	мүндэр 
гроза	залинта аадар	дуутай аадар
гром	тэнгэриин дуун
даль	дайда	холо (газар)
день	үдэр
дерн	дэгнүүл
дождь (м. р.)	бороо	хура бороо
долина	гол	нуга
жара (мн. ч. нет)	халуун
закат	нара оролгон
залив	(уһанай) булан	тохой
запад	баруун (зүг)
заря	үүр хираан	үүрэй толон
засуха (мн. ч. нет)	ган	ган гасуур
затмение (солнца	луны) -хиртэлгэ (наранай	һарын)
затор	мүльһэнэй хахаан	харшалдаан
звезда	одон	мүшэн
землетрясение	газар хүдэлэлгэ
земля	газар	газар дэлхэй
зима	үбэл
зной	ааяма халуун	бүгшэм халуун
зона	зоно	газар
иней	хюруу	сэн
искра	ошон	гал сахилалга
камень	(м.р)	шулуун
капля	дуһал	дуһаа
климат (мн. ч. нет)	сагай уларил
ключ	булаг
ком	монсог	монсогор юумэн
коса	шушуур газар	шушуур элһэн
кочка	болдог
край	заха	эрмэг	нютаг	орон
курган	обоо	добуун
лёд	мүльһэн
ледостав (мн. ч. нет)	мүльһэнэй хүрэлгэ
ледоход	зайр
лето	зун	нажар
ложбина	жалга	һудал газар
луг	нуга	гол
лужа	шалбааг	шабар шабха
лужайка	ойн соорхой	таляан
луна (мн.ч. нет)	һара
луч	туяа	толон	гэрэл
льдина	мүльһэн	дархи мүльһэн
мерзлота (мн. ч. нет)	сэбдэг газар. Хүрэшэһэн хүрьһэн
местность	(ж. р.)	газар	дайда
метель (ж.р.)	шуурган	бордоһон
мир	эб найрамдал	эб эе	дэлхэй
млечный путь (мн. ч. нет)	тэнгэриин зүйдэл
молния	сахилгаан
море	далай
мороз	хүйтэн
мрак (мн.ч.нет)	харанхы	бүрүүл
мыс	хушуун
наводнение	үер	уһанай халилга
небо	тэнгэри	огторгой
недра (ед.ч. нет)	газар дорохи баялиг
ненастье (мн.ч. нет)	хагсуу	ольбон	хии бараан
низменность (ж. р.)	набтар газар
ночь (ж.р.)	һүни
облако	үүлэн
облачность (ж. р.	мн. ч. нет)	бүрхэлгэ	үүлэтэлгэ
обрыв	эгсэ эрье	ганга
овраг	жалга	ганга
огонь (м. р.)	гал
озеро	нуур
окрестность (ж. р.)	оршон тойрон
омут	сээл
опушка	(ойн) заха
осадки	шииг нойтон
осень (ж. р.)	намар
остров	олтирог	арал
оттепель (ж. р.)	дулааралга
пар	уурал	паар
пена	хөөһэн
песок	элһэн
песочница	(олон удхатай) элһэтэй хайрсаг
пещера	агы
пламя (мн. ч. нет)	дүлэн 
плеяды	суг мүшэн
плоскогорье	дээрэ газар
побережье	эрье шадархи газар
погода (мн. ч. нет)	сагай уларил
пожар	түймэр	гал аюул
поле	тала	хээрэ	таряалан	поли
половодье (мн. ч. нет)	үер	хахаан (мүльһэндөө хахажа	уһанай эрьеһээ халилга)
полнолуние	арбан табанай һара	тэргэд һара
полуостров	хахад арал
поляна	ойн соорхой
порода	үүлтэр	породо
похолодание	хүйтэрэлгэ
почва	газарай хүрьһэн
приволье (мн. ч. нет)	элдин дайда	уужам дайда
природа	байгаали
протока	татуур (голой)	һалаа
пруд	нуурмаг	сөөрмэг
пурга	бордоһон	саһан шуурган
радуга	һолонго
распутица (мн. ч. нет)	харгын муудалга
рассвет (мн. ч. нет)	үүр сайлга
река	гол	мүрэн
речка	гол	горхон
ров	ганга	һубаг	нүхэн
роса	шүүдэр
руда	руда
русло	һаба	перен. харгы	зам
ручей	горхон
свет (мн. ч. нет)	дэлхэй	гэрэл	гал
север (мн. ч. нет)	хойто зүг
северо-восток (мн. ч. нет)	зүүн хойто зүг
северо-запад (мн. ч. нет)	баруун хойто зүг
скала	хабсагай	байса
слякоть (ж. р.	мн. ч. нет)	шабар	шабха
снег	саһан
снежинка	саһахан	абаахай саһан
солнце (мн. ч. нет)	наран
солончак	хужармаг
сопка	шобогор хада	толгой
сосулька	һоёо (дуһаа)	мүльһэн
спуск	буулга	буулгалга	уруудам ташалан (газар)
степь (ж. р.)	тала газар
страна	орон
струя -урадхал	гоожолго
сугроб	хүр
сумерки (ед.ч.нет)	боро хараан
суша	газар	хуурай газар
тайга (мн. ч. нет)	тайга
темень (ж. р.	мн. ч. нет)	харанхы
тень (ж. р.)	һүүдэр 
течение	урадхал
тундра (мн. ч. нет)	тундра
туча	үүлэн
тьма (мн. ч. нет)	харанхы	балай
ураган	туйлай шанга һалхин
устье	адаг (гол мүрэнэй)
утёс -байса
утро	үглөөгүүр	үглөө
ущелье	хабшал	хүмэг
холм	гүбээ
холод	хүйтэн
хребет	нюрган	шэлэ
шуга (мн. ч. нет)	зайр
эхо (мн. ч. нет)	сууряан
юг (мн. ч. нет)	урда зүг
юго-восток (мн. ч. нет)	зүүн урда зүг
юго-запад (мн. ч. нет)	баруун урда зүг
яма	нүхэн	яама
ямка	(заахан) нүхэн	хонхорхой.

Металлы	минералы	металнууд	минералнууд.
алмаз	алмаз
алюминий (мн. ч. нет)	сайр	алюмини
бронза (мн. ч. нет)	гуулин	бронзо
гранит (мн. ч. нет)	гранит шулуун
железняк (мн. ч. нет)	түмэрэй руда
железо (мн. ч. нет)	түмэр
золото (мн. ч. нет)	алтан
известняк	избёосхын шулуун
кремень	сахюур
латунь (мн. ч. нет)	сад
медь (мн. ч. нет)	зэд
металл -металл	хоморой түмэр
минерал	минерал
никель (мн. ч. нет)	никель
олово (мн. ч. нет)	сагаан туулган
платина (мн. ч. нет)	платина (үнэтэ металл)
ртуть (мн. ч. нет)	мүнгэнэй уһан
свинец (мн. ч. нет)	туулган	хара туулган
серебро (мн. ч. нет)	мүнгэн
слюда (мн. ч. нет)	шэл шулуун	слюда
сталь (ж. р.)	булад
хрусталь (м. р.	мн. ч. нет)	хрусталь
чугун (мн. ч. нет)	шэрэм.

2. РАСТИТЕЛЬНОСТЬ	УРГАМАЛНУУД.
А. Фрукты	ягоды	фруктнууд	жэмэсүүд.
Арбуз	абрикос	апельсин	виноград (мн. ч. нет)	вишня	груша	лимон	слива	яблоко.
брусника (мн. ч. нет)	алирһан
голубика (мн. ч. нет)	нэрһэн
земляника (мн. ч. нет)	гүлзөөргэнэ
смородина красная (мн. ч. нет)	улаагана
смородина черная (мн. ч. нет)	үхэр нюдэн
фрукт	фрукт
ягода	жэмэс.

Б. Цветы	травы	сэсэгүүд	үбһэ ногоонууд.
Ландыш	мак	хлопок
бутон	буурсаг
василёк	хүхэ сэсэг
камыш	хулһан
клевер (мн. ч. нет)	клевер
клумба	клумба
ковыль (мн. ч. нет)	хилгана
колокольчик	хонхо сэсэг
конопля (мн. ч. нет)	хоноплёо	үлтэнэг
лён (мн. ч. нет)	лён
лилия	сараана	тибһэн
мох	хүбхэн
незабудка	хүхэ сэсэг
одуванчик	нямняа сэсэг
осока	үлэн үбһэн
отава (мн. ч. нет)	хэнзэ ногоон
подорожник	таба һалаа
подснежник	ургы
пырей (мн. ч. нет)	хяаг
сорняк	буртаг (бог) үбһэн
табак	тамхин
тина (мн. ч. нет)	замаг	бур
трава	ногоон
тростник	хулһан
тюльпан	алтан зула сэсэг
хвощ (мн. ч. нет)	нарһан үбһэн
цветник	сэсэрлиг
цветок	сэсэг
чертополох	хадхууртай буртаг үбһэн
шиповник	нохойн хоншоор
щавель (м. р.	мн. ч. нет)	хурьган шэхэн
ягель (мн. ч. нет)	орын эдидэг хүбхэн

В. Овощи	хлебные злаки	огородой эдеэн	залаата таряан.
Горох (мн. ч. нет)	дыня	кукуруза	помидор	редиска	редька	рис (мн. ч. нет)	турнепс	тыква	чеснок (мн. ч. нет).
Ботва (мн. ч. нет)	түмһэтэ ургамалнуудай эшэ
брюква	брюквэ
злак	залаата ургамал
капуста (мн. ч. нет)	капуста
картофель (мн. ч. нет)	хартаабха
клубень (м. р.)	түмһэн 
колос	хоолос
корнеплод	түмһэтэ ургамал
кочан	толгой капуста
лук (мн. ч. нет)	һонгино	мангир
морковь (мн. ч. нет)	морхооб
овёс	обёос
овощи	огородой эдеэн	овощ
огурец	үгэрсэ
пшеница (мн. ч. нет)	шэниисэ
репа	репэ
рожь (ж. р.	мн. ч. нет)	хара таряан
свекла	свёкло
укроп	укроп
ярица	хара таряан	яарса
ячмень	ешмээн	арбай.

Г. Деревья	кустарники	грибы	модод	һөөг бургааһад	һархяагууд.
Берёза	хуһан
березняк (мн. ч. нет)	хуһан ой
бор (мн. ч. нет)	нарһан ой
боярышник (мн. ч. нет)	долоогоно
валежник (мн. ч. нет)	нүүлэ	унаанги модон
верба	хонин бургааһан
вереск	можжевельник -үхэр арса
гарь (ж. р.	мн. ч. нет)	хёрбоһон	хүншүү
гриб	һархяаг	мөөгэ
груздь (м. р.)	һархяаг
дерево	модон
дуб	дүүб	сарса (модон)
дупло	модоной хүнды
ёлка	хасуури	ёлко
ель (ж. р.)	хасуури
ива	үшөөһэн
кедр	хуша
клён	клён
куст	һөөг
кустарник	шугы	бургааһан
лес	ой	ой модон
липа	липэ
лиственница	шэнэһэн
маслёнок	шара һархяаг
орешник	һамарай эшэ	һамартай модон
осина	уляаһан
пальма	пальма
пень (м. р.)	түгсэг	түгсүүл
поганка	хоротой мөөгэ
подберёзовик	хуһанай һархяаг
роща	түглэ
рыжик	шара һархяаг
рябина	рябина модон
сосна	нарһан
сук (сучок)	гэшүүһэн
тальник	улаан бургааһан
тополь (м. р.)	уляангир
хвоя (мн. ч. нет)	шэлбэһэн	шэлбүүһэн
черемуха	мойһон.

Д. Общие слова о растениях	ургамалда хамаатай үгэнүүд.
Палисадник	парк	рассада	сад.
Береста (мн. ч. нет)	үйһэн
верхушка	орой	дээдэ тала
ветвь (ж. р.)	һалаа	аса	гэшүүһэн
зелень (ж. р.	мн. ч. нет)	набша ногоон
всходы (ед. ч. нет)	гараса
древонасаждение (мн. ч. нет)	модо һуулгалга	тарилга
растительность (ж. р.	мн. ч. нет)	ургамалнууд	ургамалай зүйл
кора (мн. ч. нет)	холтоһон
корень (м. р.)	үндэһэн	узуур
луковица	тибһэн	түмһэн
отросток	ургамалай һалаа
прут	үртэһэн	һабаа	бургааһан
растение	ургамал
росток	гараса	ургажа эхилэлгэ
саженец	һая һуулгаһан модон
семя	үрэ	үрэһэн	хүрэнгэ
сок дерева	модоной шүүһэн
стебель (м. р.)	эшэ	шэлбэ
шишка	борбоосгой.

3. ЖИВОТНЫЕ	АМИТАД.
А. Домашние животные	гэрэй амитад.
баран	хуса	эрье хонин
боров	эрэ гахай	заһуулһан гахай
бык	буха	сар
бычок	эрэ буруун	эрэ хашараг
верблюд	тэмээн
вол	сар
жеребёнок	унаган
жеребец	азарга
иноходец	жороо (морин)
кляча	ядаһан	тураһан морин
кобыла	кобылица	гүүн
коза -ямаан (домаш.)	гүрөөһэн (дик.)
козёл	тэхэ	һэрхэ
козлёнок	эшэгэн (ямаанай)	инзаган (гүрөөһэнэй)
конь (м. р.)	морин
корова	үнеэн
кот	эрэ хөөшхэ	миисгэй
котёнок	хөөшхын	миисгэйн хүбүүн
кошка	эмэ хөөшхэ	миисгэй
кролик	кролик	туулай
лайка	лайка нохой
лошадь (ж. р.)	морин
овца	хонин
овчарка	овчарка (нохой)
оленёнок	бугын тугал	орын тугал
олень (м. р.)	оро (гэрэй)	буга (зэрлиг)
осёл	элжэгэн
пёс	нохой
поросёнок	поршоонхо
рысак	хатарша морин
свинья	гахай
скакун	гүйгөөшэ	урилдааша (морин)
скот (мн. ч. нет)	мал	адууһа мал
слон	заан
собака	нохой
телёнок	тугал
тёлка	эмэ тугал (буруу	хашараг)
щенок	гүлгэн
ягнёнок	хурьган.

Б. Дикие животные	зэрлиг амитад.
Бегемот	зебра	кенгуру (м. р.	мн. ч. нет)	леопард	мамонт	носорог	ондатра	тюлень (м. р.).
Барсук	доргон
белка	хэрмэн
бобр	бообор
бурундук	жэрхи
волк	шоно
волчица -үлэгшэн шоно
волчонок	шонын гүлгэн
горностай	үен
ёж	заряа
жираф	жираф
зайчиха	эмэ шандаган
зайчонок	шандаганай зулзага
заяц	шандаган
зверь (м. р.)	ан	арьяатан
изюбр	буга
кит	кит (далайн һүн тэжээлтэ амитан)
косуля	боро гүрөөһэн
колонок	һолонго
крот	мана һохор
крыса	үхэр хулганаан	харха
ласка	охотоноон
лев	арсалан
лиса	үнэгэн
лосиха -эмэ хандагай
лось (м. р.)	хандагай
львёнок	арсаланай зулзага
львица	эмэ арсалан
медведь (м. р.)	баабгай
медвежонок	баабгайн гүлгэн
морж	морж (хойто далайда амидардаг һүн тэжээлтэ амитан)
мышка	мышь	хулганаан	хулгана
мышонок	хулганаанай хүбүүн
нерпа	хаб загаһан
обезьяна	һармагшан
песец	сагаан үнэгэн
рысь (ж. р.)	шэлүүһэн
соболь (м. р.)	булган
сохатый	хандагай
суслик	зумбараан	үрхэ
сурок	тарбаган
тигр	эреэн гүрөөһэн

В. Общие слова о животных	амитадта хамаатай үгэнүүд.
Берлога	эшээн
волос	үһэн
грива	дэлһэн
детёныш	зулзага	гүлгэн
животное	амитан
клык	һоёо
коготь (м. р.)	һабар	хюмһан
копыто	туруун
лапа	һабар
масть (ж. р.	мн. ч. нет)	зүһэн
молодняк (мн. ч. нет)	залуу мал
морда	хоншоор	хушуун
нора	нүхэн	эшээн
пасть (ж. р.)	аман
приплод	түл
рог	рога	эбэр
самец	эрэ (амитан)
самка	эмэ (амитан)
стадо	һүрэг	һүрэг мал
табун	адуун	һүрэг адуун
хвост	һүүл
хищник	арьяатан	мяхашан
хобот	хоншоор	хушуун
холка	мундаа (мориной)
чёлка	һамбай
шерсть (мн. ч. нет)	нооһон	хилгааһан (мориной)
шкура	арһан
щетина	шэрхэг. 

4. ПТИЦЫ	ШУБУУД.
А. Домашние птицы	тэжээмэл (гэрэй) шубууд.
Голубь (м. р.)	гулабхаа
гусь (м. р.)	галуун
гусёнок -галуунай дальбараа
индюк	индюк
курица	тахяа
наседка	үндэгөө дараһан тахяа
петух -петух (эрэ тахяа)
утка	нугаһан
утёнок	нугаһанай дальбараа
цыплёнок	тахяагай дальбараа.

Б. Дикие водоплавающие и болотные птицы	уһанай ба намагай зэрлиг шубууд.
Бекас	һараалжан
выпь (ж. р.)	буха шубуун
гагара	ахууна	халзан харгана
гусь (м. р.)	галуун
журавль (м. р.)	тохорюун
касатка	хараасгай	үхэр хараасгай
кряква	һоно нугаһан
кулик	суусагаалжан
лебедь	хун	хун шубуун
нырок	шунгадаг нугаһан
пингвин	пингвин (шубуун)
селезень (м. р.)	һоно (или эрэ нугаһан)
турпан	ангир
утка	нугаһан
цапля	хүхэ дэглы
чайка	сахали	хайлгана
чирок	шүрхы.

В. Дикие полевые и лесные птицы	тала газарай
ба ой модоной зэрлиг шубууд.
Аист	хилэн шубуун
воробей	борбилоо
полярная сова	бэгсэргэ
ворона	турлааг
воронёнок	турлаагай дальбараа
глухарь (м. р.)	һойр
горлица	түүтэй шубуун
грач	грач (тууншуу алаг шубуун)
дрозд	нохой дуудааша шубуун
дятел чёрный	хара тоншуул
дятел пёстрый	алаг тоншуул
жаворонок	булжамуур
коршун	элеэ
кукушка	хүхы
кедровка	кедровко (хушын һамараар хооллодог ойн шубуун)
куропатка	торхируу
ласточка	хараасгай
орёл	бүргэд
рябчик	хүдүү
скворец	шаархай
снегирь (м. р.)	зана шубуухай
сова	бэгсэргэ
сокол	нашан
соловей	алтан гургалдай
стриж	тэмээн хараасгай
тетерев	хура	хара хура (эрэнь)
тетёрка	шара хура (эмэнь)
трясогузка	хүхэ сэсэгы
филин	шара шубуун
чечётка	улаан залаата шубуун
ястреб	харсага.

Г. Общие слова о птицах	шубуудта хамаатай үгэнүүд.
Белок	үндэгэнэй сагаан
выводок	дальбараанууд
гнездо	уурхай
гребешок -петухай залаа
желток	үндэгэнэй шара
клюв	шубуунай хушуун
крыло	дали	жэгүүр
оперение	үдэн
перо	үдэн
птенец	дальбараа	ангаахай
птичка	шубуухай (уменьш.)
пух (мн. ч. нет)	нооһон	хөөбэри
скворечник -шаархайн гэр
скорлупа (мн. ч. нет)	үндэгэнэй хальһан
стая	һүрэг
хохол	шубуунай залаа	хүнэй һамбай
яйцо	үндэгэн.

5. РЫБЫ	ЗЕМНОВОДНЫЕ	ЗАГАҺАД	ГАЗАР УҺАНАЙ АМИТАД.
Акула	крокодил	рак.
Гадюка	хоротой могой
елец	загаһан (омолидо адли жэжэ загаһан)
ёрш	ёрмохи (хурса һэрбээтэй	яһархуу	бишыхан загаһан)
змея	могой 
икра (мн. ч. нет)	түрьһэн
карась (м. р.)	хөөлэнтии
лягушка	баха
лягушонок	бахын хүбүүн
налим	гутаар
окунь (м. р.)	алгана
омуль (м. р.)	омоли
осётр	стерлядь	хилмэ
плавник	һэрбээ (загаһанай)
плотва	красноглазка	улаан нюдэн (загаһан)
рыба	загаһан
сельдь	селёдка	сельдь	селёдко
сиг	сагаан загаһан	һэлбэрүүһэн
сом	холбордой загаһан	сом
таймень (м. р.)	тула
уж	хорогүй могой
улитка	улитка
хариус	хадаран
черепаха	мэлхэй
червь	червяк	хорхой	үтэн
щука	сурхай	сордон
ящерица -гүрбэл.

6. НАСЕКОМЫЕ	ХОРХОЙ ШУМУУЛ.
Бабочка	эрбээхэй
блоха	булуудха
божья коровка	тэбтээр сохо
букашка	сохо
вошь	бөөһэн	шэрхэ (малай)
гусеница	тээлүүр хорхой	эрбээхэйн үтэн
жук	сохо
капустница	капустын эрбээхэй
клещ	хашаг
клоп	хулпаа 
кобылка	голёо 
комар	боргооһон
кузнечик	таршаа	шааруул
моль (ж. р.)	хибэн
мотылёк	удага эрбээхэй
мошка	илааһан
муравей	шоргоолзон
муравейник	шоргоолзоной бута
муха	батаганаан	аляаһан	батагана
насекомые	хорхой шумуул
овод	хэдэгэнэ
оса	хорото шара	шара зүгы
паук	абаахай
паутина	абаахайн шүлһэн
пчела	зүгы
саранча (мн. ч. нет)	тэжэн голёо
слепень	паут (м. р.)	һоно
стрекоза	тэрмээлжэн
таракан	тархаан
шмель (м. р.)	газар зүгы.

7. ЧЕЛОВЕК -ХҮН.
А. Профессии	занятие	должность	мэргэжэл	ажал хүдэлмэри	тушаал.
Агитатор	агроном	акушерка	артист	артистка	баянист	библиотекарь (м. р.)	бухгалтер	ветеринар	врач	директор	инспектор	инструктор	капитан	кассир	кассирша	киномеханик	кладовщик	комбайнер	коммунист	комсорг	космонавт	кочегар	лесник	лётчик	лётчица	матрос	машинист	механик	милиционер	министр	монтёр	моряк	моторист	музыкант	начальник	повар	почтальон	поэт	поэтесса	председатель (м. р.)	преподаватель (м. р.)	продавец	продавщица	прокурор	профессор	радист	революционер	революционерка	редактор	режиссёр	санитар	санитарка	следователь (м. р.)	спортсмен	спортсменка	староста	студент	студентка	техник	токарь (м. р.)	тракторист	трактористка	фотограф	художник	шофёр	электромонтёр.
Автор	автор	зохёогшо
архитектор	архитектор (гэр байшан баридаг мэргэжэлтэн)
батрак	батрааг	барлаг
бригадир	бригадир
водитель	жолоошон
водовоз	уһашан	уһа зөөдэг хүн
водолаз	уһан соо хүдэлдэг хүн
вожатый	вожата
воспитатель	хүмүүжүүлэгшэ
гармонист	гармошко дээрэ наададаг хүн
грузчик	ашаа тээгшэ
дворник	дворник (хашаагай харуулшан)
дежурный	дежурна
доктор	доктор
доярка	һаалишан
дровосек	түлеэшэн
жандарм	жандарм
живописец	уран зурааша
заведующий	даагша
зоотехник	зоотехник	малай техник
изобретатель	изобретатель (зохёон бии болгогшо)
инженер	инженер
истопник	истопник	гал түлигшэ
капиталист	капиталист
кладовщик	кладовщик	амбааршан
колхозник	колхозник
композитор	композитор	хүгжэм зохёогшо
комсомолец	комсомолец
кондуктор	кондуктор
контролёр	контролёр
конюх	моришон
крестьянин	таряашан
кузнец	түмэршэ дархан
лектор	лектор (лекци уншадаг хүн)
маляр	маляр (гэр байра будаашан)
мастер	мастер (мэргэжэлтэй хүн)
молотобоец	балташан
начальник	начальник	ноён	дарга
огородник	огородшон
оленевод	орошон	оро үдхэгшэ
организатор	эмхидхэгшэ	организатор
охотник	ангуушан
парикмахер	парикмахер
пастух	малшан
певец	дуушан
педагог	багша
пекарь (м. р.)	хилээмэ баригша
переплётчик	ном гадарлагша
печник	пеэшэншэн
пилот	пилот (лётчик)
писатель (м. р.) -уран зохёолшо
плотник	модошо дархан
погонщик	(мал) туугааша
портной	оёдолшон
прачка -прачка (хубсаһа угаадаг эхэнэр)
путешественник	аяншан
рабочий	хүдэлмэришэн
рыбак	загаһашан
садовник	саадшан
садовод	садовод	саад ургуулагша
сапожник	сабхишан 
свинарка	гахайшан эхэнэр
связист	хэлхеэ холбоошон	связист
секретарь (м. р.)	секретарь
скотовод	малшан	мал ажалша
скульптор	скульптор
слесарь (м. р.)	слесарь
служащий	алба хаагша
столяр	модошо дархан
сторож	харуулшан
стрелок	буушан	буудагша
строитель (м. р.)	барилгашан
судья	судья
счетовод	счетовод
табельщик	табельщик
табунщик	адуушан
танцор	хатаршан
телеграфист	телеграфист
телефонист	телефонист
уборщица	уборщица (гэр сэбэрлэдэг эхэнэр)
учёный	эрдэмтэн
учётчик	бүридхэгшэ	учётчик
учитель (м. р.)	багша	һургагша
учительница	эхэнэр багша
фельдшер	фельдшер
чабан	хонишон
часовщик	час заһадаг хүн
шахтёр	шахтёр
шпион	шпион
экскурсовод	экскурси хүтэлбэрилэгшэ.

Б. Родственники	түрэлхид	түрэлнүүд.
бабушка	хүгшэн эжы	төөдэй
брат	аха
брат младший	дүү хүбүүн
внук	аша хүбүүн (со стороны сына)	зээ хүбүүн (со стороны дочери)
внучка	аша басаган (со стороны сына)	зээ басаган (со стороны дочери)
дед	үбгэн баабай	үбгэ эсэгэ (со стороны отца)	нагаса баабай	үбгэ нагаса (со стороны матери)	таабай
дочь (ж. р.)	басаган
дядя	абга (брат отца)	нагаса (брат матери)
жена	һамган
жених	хүрьгэн хүбүүн	нүхэрынь болохо хүн
зять (м. р.)	хүрьгэн
мама	эжы
мать (ж.р.)	эжы
мачеха	хойто эхэ
муж	нүхэрынь	үбгэниинь
невеста	хадамтай басаган	хадамда ошохо болоһон эхэнэр
невестка	бэри
отец	эсэгэ
отчим	хойто эсэгэ
папа	аба	баабай
племянник	племянница	аша хүбүүн	аша басаган (сын	дочь брата)	зээ хүбүүн	зээ басаган (сын	дочь сестры)
прабабка	прабабушка	элинсэг эжы	(мать деда)	уг нагаса эжы (мать бабушки)
прадед	прадедушка	элинсэг эсэгэ (отец деда)	уг нагаса (отец бабушки)
родители	эхэ эсэгэ	түрэлхид
родитель (м. р.)	эсэгэ
родительница	эхэ
родня (мн. ч. нет)	түрэлхид	түрэл гарал
родственник	түрэл	ураг
сестра старшая	эгэшэ басаган
сестра младшая	дүү басаган
сын	хүбүүн
тесть	хадам	хадам эсэгэ (хадам баабай)
тётка	абга эгэшэ (по отцу)	нагаса абгай ( по матери)	абгай
тёща	хадам эжы	хадам эхэ.

В. Дети	үхибүүд	хүүгэд.
Горнист	звеньевой	октябрёнок
Барабанщик	барабанша	хэнгэрэгшэ
воспитанник	хүмүүжүүлэгдэгшэ	һурагша
второгодник	второгодник (хоёрдохи жэлээ һуугша)
второклассник	хоёрдохи классай һурагша
девочка	басаган
дети	хүүгэд	үхибүүд
пионер	турист	пионер	турист
детвора (мн. ч. нет)	үхибүүд
дитя	нарай хүүгэн	нилха
дошкольник	дошкольник (һургуулиин наһа хүсөөгүй үхибүүн)
мальчик	хүбүүн	жаа хүбүүн
малыш	бага үхибүүн
новичок	шэнэ һүрагша	шэнэ хүн
натуралист	натуралист	байгаали шэнжэлэгшэ
одноклассник	нэгэ классай	нэгэ класста һурагша
отстающий	гээгдэнги
парень	хүбүүн	перен. хүн.
ребёнок (мн. ч. нет)	хүүгэн	үхибүүн
ребята (ед. ч. нет)	хүбүүд
сирота	үншэн (эхэ эсэгэгүй	түрэл гаралгүй)
старшеклассник	ахамад классай һурагша
ученик	учащийся	хүбүүн һурагша	һурагша
ученица	басаган һурагша
школьник	һурагша
юннат	эдир шэнжэлэгшэ

Г. Национальности	үндэһэ яһатан.
Американец	англичанин	англичан	армянин	армян	башкир	белорус	болгарин	болгар	бурят	буряад	венгр	вьетнамец	вьетнам	грузин	еврей	индус	испанец	испан	итальянец	итальян	казах (казашка)	кубинец	киргиз	китаец (китаянка)	хитад	кореец (кореянка)	корей	латыш	литовец	монгол	негр (негритянка)	немец (немка)	поляк (полячка)	румын	русский	ород	словак	татарин	татар	таджик	туркмен	турок	узбек (узбечка)	украинец	украин	финн	француз (француженка)	черкес	чех	чукча	эвенк (ранее тунгус)	эвен	эскимос	эстонец	эстон	якут	яхад	японец	япон.

Д. Характер и другие качества человека	хүнэй шэнжэ ба абари зан.
Активист	герой	математик	патриот	ударник.
Бездельник	юушье хэдэггүй хүн
белоручка -хара хүдэлмэриһөө хулжадаг хүн
богатырь (м. р.)	баатар
болтун	шашаг хүн
бродяга	зайгуул хүн (үгышье һаа зайран зольбо)
буян	салшаа (һүгэлсөөшэ) хүн
великан	айхабтар томо бэетэй хүн	адар томо хүн
вождь	вождь 
вор	хулгайшан
вредитель (м. р.)	хорлогшо
грабитель (м. р.)	дээрмэшэн	тонуулшан
грубиян	ёборгон (бадарган) хүн
дурак	тэнэг (эрьюу) хүн	уймар хүн
драчун	наншалдааша (һүгэлсөөшэ) хүн
задира	хэрүүлшэ (наншалдааша) хүн
зазнайка	ехэрхүү (бүдүүрхүү) хүн	бардам (һайзгай) хүн
замарашка	муухай	зутаранхай (хүн)
затейник	шог наада үүдхэгшэ
злодей	харатай хүн	муу хүн
изменник	урбагша
красавец	сэбэр хүн
левша	һалгай хүн
лентяй	залхуу хүн
лодырь (м. р.)	лодырь	залхуу хүн
молодец	хүйхэр (бэрхэ) хүбүүн
мошенник	мэхэшэн
невежа	ёһо мэдэхэгүй	бүдүүлиг	хүдхэ хүн
неженка	үнжэгэн хүн	эрхэ бэетэй хүн
неряха	һалан	нобшо хүн
обманщик	мэхэшэн
отличник	эрхим һурагша
паникер	аймхай мэгдүү хүн	дээрэ зүрхэтэй хүн
плакса	уйларан үхибүүн	уһа нюдэн
пловец	тамарааша (һамарааша)
плут	мэхэшэн
поджигатель	галдагша	үүдхэгшэ
прогульщик	прогульщик (шалтаггүйгөөр ажалдаа гараагүй хүн)
пьяница	архиншан
разбойник	дээрмэшэн	тонуулшан
рационализатор	рационализатор (юумэ нарижуулан һайжаруулагша)
силач	хүсэтэй хүн	бүхэ хүн
смельчак	зоригтой	зүрхэтэй хүн
спекулянт	спекулянт	хонжоо наймаашан
сплетник	хобуушан
тихоня	номгон	аалихан	дуугүй хүн
толстяк	бүдүүн	тарган хүн
труженик	ажалша хүн
трус	аймхай хүн
умница	ухаатай	сэсэн хүн
халтурщик	халтурщик	һали буляар юумэ хэдэг хүн
хвастун	һайрхуу	һаахар хүн
хитрец	хиитэр хүн	мэхэтэй хүн
храбрец	зүрхэтэй	зоригтой хүн
чудак	һонин зантай хүн	аягтай	һобинтой хүн
шалун	тоомгүй хүбүүн (хүн)
шутник	наадаша	шогууша хүн
ябедник	хобшон	хобуушан.

Е. Военные	сэрэгэй хүнүүд.
Артиллерист	гвардеец	командир	партизан	пулемётчик	ефрейтор	сержант	старшина	прапорщик	лейтенант	капитан	майор	подполковник	полковник	генерал	маршал.
Воин	сэрэгшэ	сэрэгэй хүн
главнокомандующий	главнокомандалагша
доброволец	һайн дураараа ябагша
допризывник	допризывник
кавалерист	морин сэрэгшэн
миномётчик	миномётчик
минёр	минёр (минын хэрэг эрхилэгшэ)
пехотинец	ябаган сэрэгшэ
полководец	полководец
разведчик	тагнуулшан
сапёр	сапёр
снайпер	мэргэн буудагша
фронтовик	фронтовик
часовой	харуулшан
солдат	солдат
ефрейтор	ефрейтор
сержант	сержант
младший сержант	младша сержант
старшина	старшина
прапорщик	прапорщик
младший лейтенант	младша лейтенант
лейтенант	лейтенант
старший лейтенант	старша лейтенант
капитан	капитан
майор	майор
подполковник	подполковник
полковник	полковник
генерал-майор	генерал-майор
генерал-лейтенант	генерал-лейтенант
генерал-полковник	генерал-полковник
генерал армии	армиин генерал
маршал	маршал.

Ж. Названия людей по положению и прочие слова о человеке	хүнэй зэргэ байдалай нэрэнүүд ба хүн тухай хэлэгдэһэн үгэнүүд.
Большевик	баскетболист	боксёр	велосипедист	волейболист	гражданин	депутат	забастовщик	кандидат	капиталист	коммунист	комсомолец	ленинец	милиционер	мотоциклист	парашютист	пассажир	пенсионер	фабрикант	фашист	футболист	чемпион.
Бедняк	үгытэй хүн
безработный	ажалгүй хүн
белогвардеец	сагаан гвардеец
богач	баян хүн
вдова	нүхэрһөө гээгдэһэн эхэнэр
вдовец	нүхэрһөө гээгдэһэн эрэ
виновник	гэмтэн	зэмэтэ
враг	дайсан
вратарь (м. р.)	вратарь
всадник	моритой хүн
главарь (м. р.)	ахалагша	толгойлогшо
гость (м. р.)	айлшан
девушка	басаган
докладчик	элидхэлшэ
должник	үритэй	үгэсэтэй хүн
друг	нүхэр
женщина	эхэнэр
житель (м. р.)	һуурин хүн	ажаһуугша
загонщик	туугаашан
захватчик	булимтарагша	эзэмдэгшэ
защитник	хамгаалагша
земляк	нютагай хүн
знаменосец -туг баригша	туг мандуулагша
зритель (м. р.)	харагша	харааша
избиратель (м. р.)	һунгагша
инвалид	эрхэтэн дутуу хүн	инвалид
квартирант	байра байһан хүн	квартирант
контрреволюционер	революцида эсэргүүсэһэн хүн
конькобежец	конькишан
косарь	хажууршан	үбһэшэн
кучер	боожошон	улаашан
лыжник	санашан
мужик	таряашан	эрэ хүн
мужчина	эрэ	эрэ хүн
народ	арад	зон	арад зон
нарушитель	журам эбдэгшэ
население (мн. ч. нет)	һуурин зон
незнакомец	танигдаагүй хүн
неприятель (м. р.)	дайсан
нищий	үгытэй ядуу	гуйраншан
общественник	общественник
однофамилец	адли обогтой (фамилитай)
орденоносец	орденто
передовик	түрүү хүн 
пешеход	ябаган хүн
пильщик	хюрөөшэн	хюрөөдэгшэ 
пленник	плендэ абтаһан хүн
победитель	илагша	илалта туйлагша
подписчик -захигша (газетэ	журнал абахаяа бэшүүлэгшэ)
подруга	хани басаган (эхэнэр)
покупатель (м. р.)	худалдан абагша
помощник	туһалагша
попутчик	харгын хани	суг ябаһан хүн
посетитель (м. р.)	ябагша	орогшо
приятель (м.р.)	танил тала	хани нүхэр
противник	дайсан	тэмсэгшэ
прохожий	ябуул хүн	ябаган хүн
путник	харгын хүн	аяншан
работник	хүдэлмэрилэгшэ
раненый	шархатаһан хүн
ровесник	үетэн	сасуутан	үүри
руководитель (м. р.)	ударидагша хүтэлбэрилэгшэ
свидетель (м. р.)	гэршэ
сосед	хүршэ
союзник	эб нэгэдэгшэ	нэгэ һаналта
спутник	харгын хани	дахуул
старик	үбгэн	үбгэжөөл
старуха	хүгшэн	шабганса
счастливец	жаргалтай хүн
таёжник	тайгашан
товарищ	нүхэр
трудящийся	ажалша хүн
удача	талаан	аза	урагша
участник	хабаадалсагша	хабаадагша
хозяин	эзэн 
холостяк	һамгагүй	гэрлээгүй хүн
царица	хатан	хатан хаан
царь (м. р.)	хаан
человек (мн. ч. нет)	люди	хүн
читатель (м. р.)	уншагша
член	гэшүүн	член
шахматист	шатаршан
шашист	даамшан
эксплуататор	мүлжэгшэ
юноша	эдир залуу хүн.


8. ШКОЛА	УЧЕБА	ҺУРГУУЛИ	ҺУРАЛСАЛ.
Авторучка	алгебра (мн. ч. нет)	альбом	астрономия (мн. ч. нет)	арифметика (мн. ч. нет)	биология (мн. ч. нет)	блокнот	ботаника (мн. ч. нет)	выставка	география (мн. ч. нет)	геометрия (мн. ч. нет)	гимнастика (мн. ч. нет)	глобус	горн	готовальня	грамота	группа	диаграмма	дисциплина (мн. ч. нет)	дневник	дружина	звонок	знамя	значок	зоология	интернат	история (мн. ч. нет)	кабинет	карикатура	карточка	квитанция	компас	конституция	лаборатория	литература	лозунг	магнит	магнито-
фон	математика (мн. ч. нет)	микроскоп	модель (ж. р.)	монтаж	опыт	открытка	пенал	перемена	переплет	площадка	пособие	радиоузел	расписание	салют	таблица	транспортир	угольник	утренник	учебник	физика (мн. ч. нет)	физкультура (мн. ч. нет)	фильмоскоп	химия (мн. ч. нет)	циркуль (м. р.)	черчение (мн. ч.нет)	экзамен	экран	экскурсия	эпидиаскоп.
Акварель (ж. р.	мн. ч. нет)	уһан шэрэ
аквариум	аквариум
атлас	атлас
бумага	саарһан
барабан	хэнгэрэг	барабан
барометр	барометр
беседа	хөөрэлдөөн
билет	билет
вешалка	үлгэсэ
ВЛКСМ -ВЛКСМ (Залуушуулай Бүхэсоюзна Ленинскэ Коммунис Союз)
восьмилетка	найман жэл
вход	орохо газар	үүдэн	оролго
выпускник	выпускник	һургуули дүүргэгшэ
выход	гаралга
газета	газетэ
гербарий	гербари (хатааһан ургамалнуудай коллекци)
двойка	хоёр
десятилетка	арбан жэл
доклад	элидхэл
доска	хабтагай	доска	самбар
драмкружок	драмкружок
единица	ганса	нэгэн	единицэ
естествознание (мн. ч. нет)	естествознани (байгаали шэнжэлдэг эрдэм ухаан)
журнал	журнал
заглавие	гаршаг	нэрэ
задание	даабари	даалгабари
задача	задача	бодолго
задачник	задачник
закладка	хабшуулга
заметка	заметкэ	тэмдэглэл
замечание	һанамжа	ажаглал
занятие	ажал	хүдэлмэри	хэшээл
записка	тэмдэг
запись (ж. р.)	бэшэлгэ	тэмдэглэл
зарисовка	зураг	зуралга
звено	үе	хуби	звено
знание	эрдэм	мэдэсэ
иллюстрация	зураг	зураглал
имя	нэрэ
инициалы (ед. ч. нет)	инициалнууд (нэрэ обогой эхин үзэгүүд)
каникулы (ед. ч. нет)	амаралта	каникул
каракуль	каракуль
карандаш	карандаш
картина	зураг
каталог	каталог
кисть	кисточка (ж. р.)	биирэ
клякса	дуһаажархиһан бэхэ
книга	ном
коллекция	суглуулбари
конверт	конверт
консультация	консультаци
копирка	буулгабари
костёр	түүдэг	түүдэбшэ
краеведение (мн. ч. нет)	краеведени (хизаар ороноо шэнжэлгэ)
краска	шэрэ	будаг
кружок	кружок
лагерь (м. р.)	лагерь
линейка	линейкэ
лист	хуудаһан	набшаһан
лупа	гал шэл	лупа
мастерская	дархалдаг газар
мел (мн. ч. нет)	мел
надпись (ж. р.)	гаршаг	бэшэлгэ
название	нэрэ
неуспеваемость (мн. ч. нет)	номдоо муу (байлга)
обложка	гадар	хабтаһан
объяснение	тайлбари	ойлгуулга
оглавление	гаршаг
опечатка	буруу хэблэлгэ
отметка	тэмдэг	сэгнэлтэ
оценка	сэгнэлтэ
ошибка	алдуу	эндүү	эндүүрэл
папка	хабтаһан	папка
парта	парта
пение (мн. ч. нет)	дуулалга
перо	гуурһан
песня	дуун
песенник	дуунуудай суглуулбари
письмо	бэшэг
портфель (м. р.)	портфель
посещаемость (ж. р.	мн. ч. нет)	ябадаг байлга
поход	ябалган	ошолгон	поход
правило	дүрим	журам
промокашка	бэхэ шэнгээдэг саарһан
пятёрка	табан
раздевалка	гадар хубсаһа тайладаг газар
разрешение	зүбшөөл	табилга
ранец	ранец	үргэбшэ сүүмхэ
резинка	резинкэ
рисунок	зураг
ручка	ручка	барюул	эшэ
ряд	ряд	зэргэ
сачок	шүүр	сачок
сбор	хуряалга	сугларалга
семилетка	долоон жэл
сказка	онтохон	ябаган үльгэр
смена	халаан	һэлгээн
собрание	суглаан
список	список
стенгазета	ханын газетэ
стипендия	стипенди
сумка	сүүмхэ
счёты (ед. ч. нет)	шоото
табель (м. р.)	табель
тетрадь (ж. р.)	тетрадь	дэбтэр
тройка	гурбан
уголок	углуу	булан
указка	указка
урок -хэшээл	урок
успеваемость (ж. р.	мн. ч. нет)	һураса
участок	хубита газар	участок
учёба	һуралсал
учительская	багшанарай таһалга
флаг	туг
фотокарточка	фотокарточка	фотозураг
чернила (ед. ч. нет)	бэхэ
чернильница	лагбан
четвёрка	дүрбэн
школа	һургуули.

9. ОБЩЕСТВЕННАЯ ЖИЗНЬ	ОЛОНИИТЫН АЖАБАЙДАЛ.
Автономия (мн. ч. нет)	агитация (мн. ч. нет)	герб	государство	демонстрация	заём	кандидатура	капитализм (мн. ч. нет)	коллектив	комиссия	коммуна	коммунизм (мн. ч. нет)	комсомол (мн. ч. нет)	конкурс	критика (мн. ч. нет)	культура (мн. ч. нет)	курорт	лекция	ленинизм (мн. ч. нет)	листовка	наука	облигация	общество	парад	партия	паспорт	плакат	политика (мн. ч. нет)	полиция (мн. ч. нет)	правительство	президиум	пролетариат (мн. ч. нет)	революция	республика	социализм (мн. ч. нет)	съезд	телеграмма	трибуна	фашизм (мн. ч. нет)	экспедиция	юбилей.
Авиапочта (мн. ч. нет)	авиапочто (самолёдоор зөөдэг түргэн почто)
автобиография	өөрын намтар
агитпункт	агитпункт
адрес	адрес
актив	эдэбхитэн	актив
аплодисменты (ед. ч. нет)	альга ташалган
аул	уулын тосхон	хотон
базар	базаар	дэлгүүр (наймаан)
безработица (мн. ч. нет)	хүдэлмэригүйдэлгэ
бригада	бригада
власть (ж. р.)	засаг
воскресник	воскресник
выговор	хэлэлгэ	үгүүлэл	выговор	зэмэ үгэлгэ	донгодолго
город	город	хото
деньги	мүнгэн
договор	хэлсээн	договор
доход	олзо	орошо
документ	документ	данса
должность (ж. р.)	тушаал	зэргэ
забастовка	забастовко	буһалгаан
заготовка	бэлэдхэл
закон	хуули	хуули ёһон
зарплата	салин
заседание	зүблөөн	заседани
звание	нэрэ зэргэ	зэргэ
имя	нэрэ
инструкция	заабари
исполком	исполком
канцелярия	канцеляри
касса	касса
колхоз	колхоз 
компартия	компарти 
контроль (м. р.)	хиналга	контроль
КПСС (мн. ч. нет)	КПСС 
курсы	курса (курсада һураха)
курс	шэг	шэглэл	эмнүүлгын курс
маёвка	маёвко
масса	һүрэг олон юумэн	олониитэ
медаль (ж. р.)	медаль
метрика	метрикэ	түрэһэнэй үнэмшэлгэ
митинг	митинг
нагрузка	ашалга	ашаа тээлгэ	даалгабари	нагрузка
налог	албан	налог	алба налог
норма	нормо
область	область (терр.)	һалбари	тала
обычай	заншал	гурим	ёһон
обязанность	уялга
ответственность (ж. р.	мн. ч. нет)	харюусалга
отечество (мн. ч. нет)	эсэгэ орон
отпуск	амаралта	табилга
отчёт	тоосоон	отчёт
очередь	ээлжээн
пакет	пакет	саарһан туулмаг
перевыборы (ед. ч. нет)	шэнээр һунгалга	һунгуули
передовица	түрүү бэшэг
перерыв	забһарлалга	забһар
печать (ж. р.)	хэблэл
площадь (ж. р.)	площадь	талмай
показатель (м. р.)	показатель	харуулһан баримта
политкружок	политһуралсалай кружок
поселок	һуурин газар	посёлок
постановление	тогтоол	тогтоомжо
почесть (ж. р.)	ёһолол	хүндэлэл
почёт (мн. ч. нет)	хүндэ	ямба
праздник	һайндэр
премия	шагнал	шан
прения	үгэ хэлэлгэн	үгэ буляалдаан
преступление	гэмтэ ябадал	гэм хэлгэ
прибыль (ж. р.)	олзо	ашаг олзо
призыв	уряал	уряа
приказ	захиралта
прогул	прогул
проект	проект	хараа түсэб
производство	хэлгэ	үйлэдэлгэ	үйлэдбэри
промтовары	эд бараан	эд бүд
протокол	протокол	тогтоол	тогтоомжо
профессия	мэргэжэл
профсоюз	үйлэдбэришэнэй эблэл	профсоюз
публика	зон	хүн зон
пункт	пункт	газар
район	район	газар	аймаг
расписка	гар табилга	документ
резолюция	тогтоол	тогтоомжо
родина	Эхэ орон	түрэһэн нютаг
руководство	ударидалга	хүтэлбэрилгэ	хүтэлбэри
самокритика	өөрыгөө шүүмжэлэлгэ	өөрыгөө шүүмжэлхэ ябадал
свадьба	түрэ	хурим
свобода	эрхэ сүлөө
связь	холбоон
семья	бүлэ	гэр бүлэ
слёт	ниидэн сугларалга	слёт	суглаан
смотр	харалга	шалгажа үзэлгэ
совет	зүблэл
совещание	зүблөөн
сообщение	мэдээсэлгэ	дуулгалга
соревнование	мүрысөөн
союз	союз	эблэл	нэгэдэл
СССР (мн. ч. нет)	СССР
столица	столица	ниислэл хото
суд	сүүд
талон	талон
товар	бүд	эд товар
толпа	һүрэг зон	олон хүнүүд
торговля	наймаан	худалдаа наймаан
указ	указ
фамилия	фамили	обог
цена	сэн	үнэ сэн
шеф	ахалагша	дарга	толгойлогшо
шефство	шефство	туһаламжа үзүүлэлгэ
электрификация	электрификаци	электрын энерги ажахыда нэбтэрүүлгэ
эксплуатация	мүлжэлгэ.

10. УЧРЕЖДЕНИЯ	ПРЕДПРИЯТИЯ	ЭМХИ ЗУРГААНУУД (УЧРЕЖДЕНИНҮҮД	ПРЕДПРИЯТИНУУД)
Банк	библиотека	военкомат	завод	кооператив	милиция (мн. ч. нет)	музей	почта	радиостанция	редакция	театр	типография	фабрика.
Баня	бани
больница	больница
зоопарк	зоопарк
институт	институт
клуб	клуб
контора	конторо
крольчатник	кролигой байра
лесозавод	модоной завод
магазин	магазин
маслозавод	тоһоной завод
министерство	министерствэ
обком	обком
общежитие	хамтын байра
парикмахерская	парикмахерска
пекарня	пекарни	хилээмэ баридаг газар
прииск	прииск	уурхай
райком	районой комитет	райком
районо (мн. ч. нет)	районо 
сельсовет	сельскэ совет	сельсовет
техникум	техникум 
тир	тир 
университет	университет 
училище	училищи 
учреждение	эмхи зургаан	учреждени
цирк	цирк 
читальня	уншалгын гэр (таһалга).

11. ТЕХНИКА	ПРОМЫШЛЕННОСТЬ	ТЕХНИКЭ	ПРОМЫШЛЕННОСТЬ.
Автомат	клапан	конвейер	микрофон	промышленность (мн. ч.нет)	пропеллер	радио (мн. ч. нет)	ракета	ролик	электричество (мн. ч. нет).
Аппарат	аппарат
блок	блок
болт	шүрэб	болт
вентилятор	вентилятор	гэр байра һалхитуулха прибор
вентиляция	вентиляци	һалхитуулга
винт	шүрэб
гайка	шүрэб	гайка
гидростанция	уһаар хүдэлдэг электростанци
гудок	дохёо	гудок
двигатель (м. р.)	двигатель
домна	домно (шэрэм хайлуулдаг пеэшэн)
драга	драга (шорой сооһоо ашагта малтамал угаажа гаргадаг машина)
жёрнов	тээрмын шулуун
изобретение	ухаалан зохёолго	зохёон бии болголго
канал	канал	һубаг
колесо	мөөр	сахариг
кран	кран
крюк	дэгээ	гохо
лесопилка	лесопилка	модо хюрөөдэдэг завод
локомобиль (м. р.)	локомобиль
машина	машина
механика (мн. ч. нет)	механика
мотор	мотоор
насос	насос
огнетушитель	гал унтараагааша	огнетушитель
паровик	паровик	паровой котел
педаль	педаль
планёр	моторгүйгөөр ниидэдэг аппарат	планёр
поддувало	һоруул
покрышка	покрышка	бүреэдэһэн
прибор	прибор
проводник	газаршалагша	үдэшэгшэ
прожектор	прожектор
пружина	пружина
радиатор	радиатор
радиопередача	радиодамжуулга
радиоприёмник	радиоприёмник
репродуктор	репродуктор
розетка	розеткэ
рудник	рудник	уурхай
рулетка	рулеткэ
руль (м. р.)	руль
рычаг	рычаг	хүшүүргэ
смазка (мн. ч. нет)	тоһодолго	түрхилгэ
стрелка	стрелкэ 
спутник	хэмэл одон
телевизор	телевизор
телескоп	телескоп
телефон	телефон
термометр	термометр
термос	термос
техника (мн. ч. нет)	техника 
ток	ток
тормоз	тормоз
трубка	трубка	нариихан сорго
трансформатор	трансформатор (напряжениие дээшэ доошонь болгодог аппарат)
трос	аргамжа
турбина	турбина
угломер	угломер (углуунуудые хэмжэхэ аппарат)
фотоаппарат	фотоаппарат
фото (мн. ч. нет)	фото
футляр	бүреэдэһэн	хайрсаг	дугты
цистерна	цистернэ
циферблат	часай нюур
шуруп	шүрэб
шасси (ср. р.	мн. ч. нет)	шасси (машинын рама	самолёдой мөөр)
экскаватор	экскаватор (газар малтажа	шорой гаргадаг машина)
элеватор	элеватор (орооһо хадагалдаг газар)
электролампа	электролампа
электромотор	электромотор
электропровод	электропровод 
электротехника (мн. ч. нет)	электротехникэ
электроэнергия (мн. ч. нет)	электроэнерги
энергия (мн. ч. нет)	электрын элшэ хүсэн.

12. СЕЛЬСКОЕ ХОЗЯЙСТВО	ХҮДӨӨ АЖАХЫ.
Гектар (мн. ч. нет)	комбайн	комбикорм	сепаратор	теплица	трактор.
Агротехника (мн. ч. нет)	агротехникэ
борона	борной
веялка	веялкэ	хиидхүүр
водопой	уһалуур (мал уһалдаг газар)
городьба (мн. ч. нет)	хорёо	хүреэ	хашаа	хорёололго
гряда	далан	һубаряа хаданууд	үргэлжэ ууланууд
гумно	обин (таряа сомодог газар)
деревня	тосхон
жатва (мн. ч. нет)	таряа хадалга
жатка	жатка (таряа хададаг машина) 
животноводство (мн. ч. нет)	мал ажал
жнейка	жнейкэ
жниво	хадагдаһан поли	талханай узуур
звероводство (мн. ч. нет)	ан үсхэбэрилгэ
земледелие (мн. ч. нет)	газар ажал
земля	газар
зерно	орооһон
зернохранилище	орооһо хадагалдаг газар
изгородь (ж. р.)	хорёо	харша
инкубатор	инкубатор (үндэгэ дальбараалуулха аппарат)
кол	һаднаг	гадаһан	гасуу
коневодство (мн. ч. нет)	адуун ажал
конюшня -мориной байра
копна	бухал
корм	эдеэ хоол
кормушка	кормушка
коровник	үхэрэй дал
коромысло	үргэбшэ	тэлүүр
косьба (мн. ч. нет)	үбһэ сабшалга
кролиководство (мн. ч. нет)	кролик үдхэлгэ
культиватор	культиватор
лесонасаждение (мн. ч. нет)	модо тарилга
луг	нуга	гол	сабшалан
межа	мужаа
молодняк (мн. ч. нет)	залуу мал
молотилка	молотилка
мякина (мн. ч. нет)	мэхиинэ
навоз (мн. ч. нет)	шэбхэ
надой	һаам
назём (мн. ч. нет)	үтэг	шэбхэ
неурожай	ган	юумэнэй ургаагүй жэл
овощеводство (мн. ч. нет)	овощ тарилгын ажахы
овощехранилище	овощехранилищи	овощ хадагалдаг газар
огород	огород
огородничество (мн. ч. нет)	огородой ажал
оленеводство (мн. ч. нет)	оро үдхэбэрилгэ
охвостье (мн. ч. нет) -таряанай һүүл	перен. һүүл баригшад
пар	паар (паар хахалха)
пастбище	бэлшээри
пахота (мн. ч. нет)	газар хахалалга
пашня	таряалан	хахалһан газар
перегной (мн. ч. нет)	үмхи хумхи	үтэг шорой
пересадка	ондоо тээ абаашажа һуулгалга
плодоводство (мн.ч. нет)	жэмэс тарилга
плуг	плуг	анзаһан
подстилка	дэбдилгэ	дэбдихэр
пойло	бурдууг
покос	үбһэ сабшалга	сабшалан
полеводство (мн. ч. нет)	газар таряалан
полка	прополка	үбһэ түүлгэ
посадка	тарилга	һуулгалга
посев	тарилга	таряалан
прорубь (ж. р.)	соолго
птицеводство (мн. ч. нет)	шубуу үдхэлгэ
пчеловодство (мн. ч. нет)	зүгы үдхэлгэ
садоводство (мн. ч. нет)	сад ургуулга
свинарник	гахайн дал	байра
свиноводство (мн. ч. нет)	гахай үдхэлгэ
свиноферма	гахайн фермэ
сев (мн. ч. нет)	тарилга
село	тосхон	хотон
сено (мн. ч. нет)	үбһэн
сенозаготовка	үбһэ бэлэдхэл
сенокос (мн. ч. нет)	үбһэ сабшалга
сенокосилка	үбһэнэй машина
сеноуборка (мн. ч. нет)	үбһэ хуряалга
сеялка	сеялкэ
скирд	һүри	сомоо
скотоводство (мн. ч. нет)	мал ажал
снегозадержание (мн. ч. нет)	саһа тогтоолго
сноп	боолто
совхоз	совхоз
солома (мн. ч. нет)	һолоомон	солоомон
соломорезка	һолоомо хэршэдэг машина
сортировка	илгалга	сортировко
стан	стан	байра	отог
стог	һүри	сомоо
стогометатель	үбһэ һүрилдэг машина
страда (мн. ч. нет)	хүдэлмэриин хаһа	түлэг
суглинок	шабарлиг газар
трудодень	ажалта үдэр
уборка	хуряалга	сэбэрлэлгэ	хамалга
удобрение	үтэгжүүлгэ
удой	һаам	һаалга
удойность (мн. ч. нет)	һү үгэсэ	гараса	һаали
укос	үбһэ абалга	(сабшажа абаһан үбһэн)
улей	зүгын гэр
урожай	ургаса
урожайность (ж. р.	мн. ч. нет)	ургаса
усадьба	усадьба	бууса
хлебозаготовка	таряа бэлэдхэл
хозяйство	ажахы
целина	шэнэ газар 
чернозем (мн. ч. нет)	хара шорой ( или хүрьһэн)
ясли (ед. ч. нет)	ясли.

13. ТРАНСПОРТ -ТРАНСПОРТ.
Авиация (мн. ч. нет)	автобус	автомашина (автомобиль	машина)	аэродром	аэроплан	аэропорт	вагон	велосипед	вокзал	гараж	кабина	катер	кузов	мопед	мотороллер	мотоцикл	орбита	паровоз	ракета	самолет. 
Багаж (мн. ч. нет)	багаж
багажник	багажник
баржа -баржа
брод -гараса	улам
веха	хараа	шата	үе
груз	ашаан	хүндэ юумэн
грузовик	грузовик	ашаанай машина
дорога	харгы
занос	хүр	хүр саһан
корабль (м. р.)	корабль
корма	корма (суднын хойто тала)
короб	хоорбо	хоороб
ледокол	ледокол
мелководье (мн. ч. нет)	голой хайрдалга	уһа багатай байлга
мель (ж. р.)	харья	уһанай гүйхэн
метро (мн. ч. нет) -метро
метрополитен	метрополитен
мост	хүүргэ
моторка	моторко
навигация (мн. ч. нет)	навигаци
обоз	ашаан	хамбы
палуба	палуба
пароход	пароход
парус	далбага	парус
перевоз	шэрэлгэ	зөөлгэ
перекрёсток	бэлшэр	уулзадха
переправа	гараса	уһа гарадаг газар
поворот	эрьюулгэ	эрьесэ	хотирхон
погрузка	ашалга	тээлгэ
подвода	мори тэргэ	улаа
подъем	үгсүүр газар
поезд	поезд
порт	порт
пристань (ж. р.)	пристань
путь (м. р.)	зам	харгы
расстояние	зай	газар
рейс	рейс
рельс	рельс
рессора	рессор
спуск	уруудам газар
станция	станци
судно	судна	пароход
судоходство (мн. ч. нет)	суднын тамаралга
тракт	ехэ харгы	тракт
трамвай	трамвай
трап	трап	суднын гэшхүүр
тропа	тропинка	ябаган харгы	зүргэ	субаса
ухаб	ялхи	ухааба
шоссе (ср. р.	мн. ч. нет)	шоссе
якорь (м. р.)	якорь.

14. ОХОТА	ПРОМЫСЕЛ	АГНУУРИ	ОЛЗОБОРИЛГО.
Бинокль	калибр	рюкзак.
Боеприпасы	һомо хэрэгсэл
весло	һэльбэ	һэлюур
выстрел	буудалга	буугай һүрэлгэ
гильза	гильзэ
грузило	грузила	шэнгээгээшэ
двустволка	хоёр аматай буу
дичь (ж. р.	мн. ч. нет)	зэрлиг шубууд	зэрлиг шубуунай мяхан
добыча (мн. ч. нет)	олзо
дробь (ж. р.	мн. ч. нет)	шаба	шаба һомо
дуло	буугай аман
загон	загуун	хорёолһон бэлшээри
заряд	заряд	буугай һомон
капкан	хабхаан
корчага	бортого
курок	шабха
леса	хахуулиин ооһор
ловушка	занга	урьха
ложа -буугай хүрзэ
мотня	мотня	губшуурай уута
невод	губшуур
осечка	ааралга
охота (мн. ч. нет)	агнуури
палатка	майхан
пасть	аман
патрон	патрон
патронташ	патронташ
петля	бүтүү уялаа	зангилаа
пистон	пистон
поплавок	хараа
порох (мн. ч. нет)	дари
приманка	мэхэлхэ юумэн
промах	алдалга	алдуу
промысел	олзобори	агнуури
пыж	һомоной таглаа
ружьё	буу
рыбалка	загаһа агналга
рыболовство (мн. ч. нет)	загаһанай ажал
сеть (ж. р.)	гүльмэ
скрадок	далдалга	нууга
след	мүр
ствол	буугай сэмгэн
стрела	годли	һурша
удилище	хахуулиин урга
удочка	хахуули
уключина	онгосын шэхэн
улов	бариһан загаһан	бариса 
шалаш	отог
шомпол	шомпол.

15. СТРОЕНИЕ	СООРУЖЕНИЕ	БАРИЛГАНУУД.
Башня	гараж	карниз	мастерская	парник.
Амбар	амбаар
ворота (ед. ч. нет)	бартаа	хаалга
дверка	үүдэхэн
дверь (ж. р.)	үүдэн
двор	хашаа	хотон	байра
дворец	ордон
дом	гэр
забор	хорёо	хашаа
заваленка	заваалин	хаяабша
здание	байшан (гэр)
мачта	мачта
изба	гэр
калитка	хаабари	хаалга
канава	ханааб	һубаг
квартира	байра
колодец	худаг
комната	таһалга
конура	нохойн гэр
коридор	коридор
кремль	кремль
крыльцо	хэрэлсы	гэшхүүр
крыша	хушалта	орой
кузница	кузница	хүүдинсэ
курятник	тахяагай байра
кухня	тогооной гэр	кухни
ларёк	ларёк
ледник	мүльһэтэй погреб
лестница	гэшхүүр
мачта	мачта
маяк	маяк
мельница -тээрмэ
навес	һарабша
наличник	налиишниг
нары	наар
ограда	хашаа	хорёо	уграад
окно	сонхо
памятник	памятник	хүшөө
перегородка	таһалга
перекладина	тээг	хүндэлэбшэ 
перила	перилэ
печь (печка)	пеэшэн
плита	плита	шэрэм пилтаа
плот	һала
плотина	уһанай хаалта
подвал	подвал
подоконник	сонхын хулууда
подполье	подполи
покраска	шэрдэлгэ	будалга
пол	поол	оёор	шала
половица	поолой модон	палааха
помещение	байра	гэр
порог	богоһо
потолок	потолоог	үһээ
простенок	сонхо үүдэн хоёрой хоорондохи хана
рама	рама
ремонт (мн. ч. нет)	заһабари
решётка	решетко
сени (ед. ч. нет)	сээниг
сеновал	үбһэ хадагалдаг газар
склад	склад (юумэ хадагалха байра)
спальня	спальни	унтадаг таһалга
сруб	торхо (гэрэй)
ставень	ставня	стаабин	хаалга
стена	хана
столб	столб	бахана
строительство (мн. ч. нет)	барилга
ступенька	табсан	шата
телятник	тугалай байра
терраса -терраса
тротуар	тротуар
труба	сорго	хоолой
угол	углуу	булан
фундамент	фундамент	һуури
чердак	шардааг
чулан	чулан
чум	урса
шарнир	шарнир
штукатурка (мн. ч. нет)	шабалга
этаж	дабхар
юрта	һэеы гэр.

16. МАТЕРИАЛЫ	ВЕЩЕСТВА	ЭД БҮД БА БЭШЭ ЮУМЭНҮҮД.
А. Атлас	байка	плющ	трикотаж (мн. ч. нет)	фланель (ж. р.)	штапель (м. р.).
Бархат -баархад	хилэн
брезент	бэрзеэнтэ
бумазея	пумаажан
вельвет	вельвет
волос	үһэн
замша	эльгэн арһан	замша
кожа	арһан
коленкор	коленкор
лосина	хандагайн арһан
марля	марли
материя	бүд	бүд бараан
мех	ангай арһан
нитка	ниидхэ	һабагша	утаһан
овчина	хониной арһан
полотно	полотно	бүд
подкладка	дотор 
пушнина	ангай арһан	пушнина
сатин	сатиин
сафьян	сафьян (нимгэн булгайр)
ситец	сиитис
сукно	сэмбэ
трико (мн. ч. нет)	трико	нэхэмэл хубсаһан
холст	хоосто
шёлк	торгон
шерсть (ж. р.	мн. ч. нет)	нооһон	үһэн	хилгааһан бүд

Б. Жидкие материалы	шэнгэн зүйл.
Бензин (мн. ч. нет)	скипидар (мн. ч. нет)	солярка (мн. ч.нет).
Автол (мн. ч. нет)	автол
горючее (мн. ч. нет)	горючи
дёготь (мн. ч. нет)	дабирхай
жидкость	шэнгэн бодос	шэнгэн юумэн
керосин (мн. ч. нет)	керосин	харшын
клей (мн. ч. нет)	сабуун
лак	лааг
масло машинное	машинын тоһон
нефть (мн. ч. нет)	нефть
олифа	олифа
смола	дабирхай
спирт (мн. ч. нет)	спирт.

В. Строительные материалы	барилгын материалнууд.
Алебастр (мн. ч. нет)	бетон (мн. ч. нет)	фанера (мн. ч. нет)	цемент (мн. ч. нет).
Бревно	монсогор модон	бревно
брус	брус
гвоздь (м. р.)	хадааһан
глина	шабар 
доска	хабтагай
железобетон (мн. ч. нет)	түмэр бетон
жердь (ж. р.)	һургааг
жесть (ж. р.	мн. ч. нет)	нимгэн түмэр
замазка (мн. ч. нет)	замазка
известь (ж. р.	мн. ч. нет)	избёосхо
кирпич	хирпиисэ
краска	шэрэ
опилки (ед. ч. нет)	хибэдэһэн
охра (мн. ч. нет)	охро (будаг)
мох	хүбхэн
пакля (мн. ч. нет)	үлтэнэг	пакли
песок (мн. ч. нет)	элһэн 
планка	харуулдаһан нарин модон	планка
проволока	проволоко	шабын түмэр 
рейка	нариихан хабтагай 
стекло	шэл 
стройматериал	барилгын материал
стружка	зомгооһон	зоргодоһон
тёс	хёос
шлак (мн. ч. мет)	түмэрэй бааһан	шлак

Г. Прочие материалы	бусад материалнууд.
Вещество	газ	кнопка	пластмасса	провод	торф (мн. ч. нет)	тушь (мн. ч. нет	ж. р.)	фарфор 
(мн. ч. нет).
Береста (мн. ч. нет)	үйһэн
вакса	крем (мн. ч. нет)	вакса	крем
вата (мн. ч. нет)	хүбэн
верёвка	аргамжа
войлок (мн. ч. нет)	һэеы	эшэгы
дрова (ед. ч. нет)	түлеэн
зола	пепел (мн. ч. нет)	үнэһэн
канат	канат	түмэр аргамжа
картон	картон
кнопка	кнопко
лучина	лушан	зартагай
отруби (ед. ч. нет)	һагшадаһан
палка	модон	палка
пластилин (мн. ч. нет)	пластилин
полено	полеэнэ	хахалдаһан
порошок	порошок
резина (мн. ч. нет)	резинэ
рогожа	оргоожо
сажа (мн. ч. нет)	эһэн	тортог	хөө
стеарин (мн. ч. нет)	стеарин
сургуч (мн. ч. нет)	ласа
топливо (мн. ч. нет)	түлишэ
тряпка	хуушан бүд	үртэһэн
уголь (м. р.)	нүүрһэн	хөө
хворост (мн. ч. нет)	хатаһан гэшүүһэн
чурка	чурбан	шүүрхэ	тайраһан модон
щетина (мн. ч. нет)	шэрхэг.

17. ОРУДИЯ	ИНСТРУМЕНТЫ	ЗЭМСЭГ (ЗЭБСЭГ)	БАГАЖА ЗЭБСЭГ.
Багор	дэгээ	гохо	богоор
брусок	бүлюу	тэбхэр модон
булавка	булаабха
ватерпас	нюруубша
верстак	верстак
вилы (ед.ч. нет)	аса
грабли (ед. ч. нет)	тармуур
долото	һүүшэ
дрель (ж. р.)	нүхэ гаргадаг үрэм 
зубило	сабшуур
игла	иголка	зүүн
инструмент	зэбсэг	багажа зэбсэг
кайла	хайлаа
кинжал	кинжал
кирка	киркэ
клещи (ед. ч. нет)	үлирбэ
клин	шаантаг 
коловорот	үрэм 
колодка	холоодхо	колодко 
колотушка	мунса 
колун	түлеэнэй һүхэ	сообо һүхэ
копьё	жада 
коса	хажуур 
кусачки (ед. ч. нет)	хазуур 
лезвие	хутагын эри
лейка	лейкэ
лом	лоом
лопата	лопатка	хүрзэ	заастаб
метла	хамуур
молот	балта
молоток	алха
мотыга	мотыга	гадаһан
наковальня	дүшэ
напёрсток	хурабша
напильник	подпилок	хуурай
нож	ножик	хутага
ножницы (ед. ч. нет)	хайша
ножны (ед. ч. нет)	хутагын гэр
ножовка	гар хюрөө
носилки (ед. ч. нет)	тэлүүр	носилка
обух	үнсэг	унги
орудие	зэбсэг
остриё	үзүүр	хурса үзүүр	эри
отвёртка	отбёорхо
паяльник	гагнуур
пила	хюрөө
пилка	гар хюрөө	хюрөөдэлгэ
рашпиль (м. р.)	үрэбтэр
рубанок	харуул
рукоятка	ручка	эшэ	барюул
сверло	үрэм	бургы
серп	хадуур
соха	анзаһан
стамеска	һүүшэ
стеклорез	шэл отолдог зэбсэг
точка	хурсадалга	тошылдолго
тиски (ед. ч. нет)	абарга	хабшуур
топор	һүхэ
топорище	сарба һүхэ	һүхын эшэ
точило	тошыло
тяпка	сабшуур
фуганок	ута харуул
черенок	эшэ	барюул
шило	шүбгэ
шкурка наждачная	наждак
штопор	штопор.

18. ПРЕДМЕТЫ ДОМАШНЕГО ОБИХОДА	ГЭРЭЙ ХЭРЭГСЭЛЭЙ ЮУМЭНҮҮД.
Абажур	абажур (лампын бүрхөөг)
банка	баанха
бочка	боошхо
бритва	бритвэ	үһэнэй хутага
будильник	будильник (часы)
ванна	ванна
вафельница	вафельница
ведро	хүнэг	бидруу	һуулга
веник -хамуур	биинэг
весы (ед. ч. нет)	шэгнүүр
вещь (ж. р.)	юумэн
гиря	гиир
дорожка	половик	поолой дэбисхэр
замок	суурга
занавеска	сонхын хүшэгэ
зеркало	гэрэл
зонтик	шүхэр
кадка ( кадушка )	торхо
квашня	эһээбэриин торхо	квашня
кисет	аршуул	алшуур
клеёнка	клеёнко
клюка	тулуур	тулгуур
ключ	түлхюур	нээбэри
ковёр	ковёр
конфорка	конфорко
корыто	тэбшэ
корзина	корзина	түрсүүг
коробка	хайрсаг	хорообхо
котомка	үргэбшэ	хотоомхо
крышка	хабхаг
куль (м. д.)	мэшээг	хүүли
лампа	лаампа	дэн
лохань (ж. р.)	лоханка
мутовка	худхуур	бүлүүр
мыльница	мыльницэ
мясорубка	мясорубка
огарок	дэнгэй	зулын үлөөдэһэн
пепельница	пепельницэ
плевательница	нёлбуур
плитка	плиткэ
подсвечник	дэнгэй һуури	подсвечник
подставка	тулга	табюур	һуури
пожитки (ед. ч. нет) -эд бараан	зөөри	зөөшэ
половик	половик
полотенце	полотенци	аршуул
портсигар	портсигар
пробка	таглаа	таглаадаһан
рамка	рамка (уменьш.)
решето	һагшуур
салфетка	салфеткэ	аманай аршуул
свёрток -орёолтотой юумэн
свеча	дэн	зула
сито	һагшуур
скалка	мухарюулга	лабшаагай монсогор модон
скатерть (ж. р.)	скатерть	хушалта
сковородник -барюул	зуудаг
спичка	спички	шиирэ	зуруул
ступа	уур
сума	сумаа
таган	тагаан	тулга
таз	таас
трость (ж. р.)	тулгуур
труба (самоварная)	хоолой	сорго
тушилка	тушилка	сог унтаргаадаг амһар
умывальник	умывальник
утварь (ж. р.)	гэрэй хэрэгсэл	бараа
утюг	утюг	элюур
ушат	шэхэтэй хадуушха
фитиль (м.р.)	гол	фитиль
фонарь (м. р.)	фонарь
часы (ед. ч. нет)	часы
чемодан	чемодан	хайрсаг
чехол	гадар	гэр	бүреэһэн
шкатулка	заахан хайрсаг	шкатулка
штора	(сонхын) хүшэгэ	шторо
щётка	щётко
щипцы (ед. ч. нет)	хабшаг	хабшуур

19. МЕБЕЛЬ -ГЭР СООХИ БАРААН.
Витрина	тумбочка	этажерка.
Диван	диван
комод	комод
кресло	креслэ
кровать (ж. р.)	шэрээ	орон
мебель (ж. р.	мн. ч. нет)	мебель
полка	таг	полко
сиденье	һуудал	һуури
скамейка	скамья	скамейкэ	һандали
стол	стол 
стул	стул
сундук	ханза	абдар	сүндүүг
табуретка	табуреткэ	һандайбша
топчан	модон орон	жабдан
шкаф	шкаф
ящик	ящик	хайрсаг.

20. ПОСУДА	СТОЛОВЫЙ ПРИБОР	АМҺАРТА	ЭДЕЭНЭЙ ХЭРЭГСЭЛ.
Бак	бааг
бидон	бидон
блюдо	блюдэ	табаг
блюдце	блюдци
бутылка	бутылка	шэл
бутыль (ж. р.)	лонхо	томо шэл 
ваза	ваза
вилка	вилкэ	һэрээ
воронка	бороонхо
горлышко	амһар	хоолой
горчичница	горчицын амһарта
горшок	горшоог
графин	графин
дно (мн. ч. нет)	оёор
кастрюля	кастрюли
ковш (ковшик)	шанага	хообшог
котёл	тогоон
кружка -кружка
кувшин	домбо
ложка	халбага
маслёнка	тоһоной амһарта
миска	улхан	миисхэ
молочник	һүнэй амһарта
носик	гүсын хоолой
перечница	халуун үбһэнэй амһарта	перечницэ
поварёшка	шанага
поднос	поднос
подойник	хүнэг	тодхуур
подстаканник	стаканай табюур
полоскательница	зайлуур	аяга зайлаха амһарта
посуда (мн. ч. нет)	амһарта	аяга шанага
рюмка	рюмкэ
самовар	самовар
сахарница	саахарай амһарта
сковородка	усхабардаа	субардаа
солонка -дабһанай амһарта
стакан	стакан
тарелка	табаг	тарелкэ
чайник	гүсэ	шааниг
черпак	шанага
чугун	шэрэм горшоог.

21. ПРОДУКТЫ	ПИЩА	ПРИПРАВА	ЭДЕЭ ХООЛ	ЭДЕЭНЭЙ ЗҮЙЛНҮҮД.
Баранина (мн. ч. нет)	хониной мяхан
блины	блины
булка -бүүлхэ
буханка	бухаанха	хүбэриг
варенец (мн. ч. нет)	тараг
варенье	варени
вафля	вафли
вермишель (мн. ч. нет)	вермишель
говядина (мн. ч. нет)	үхэрэй мяхан
горчица (мн. ч. нет)	горчица
грудинка (мн. ч. нет)	үбсүүнэй мяхан
еда	кушанье	пища (мн. ч. нет)	эдеэн	хоол
жаркое (мн. ч. нет)	шараһан мяхан
жир	өөхэн
завтрак	үглөөнэй эдеэн	завтрак
закуска	закуска	эдеэн
калач	халааша	хотируулга 
картошка	хартаабха
каша	каша
квас	квас
кипяток (мн. ч. нет)	бусалһан уһан
кисель (м. р.	мн. ч. нет)	кисель
колбаса	колбаса
компот	компот
конина (мн. ч. нет)	адуунай мяхан
конфета	конфетэ
котлета	котлетэ
краюха	булан (хилээмэнэй)
крошка	бутархай	бутардаһан
крупа	будаа	хүрпээ
крупчатка (мн. ч. нет)	хурабшаадха
кумыс (мн. ч. нет)	сэгээ
кусок	хэһэг зүһэм	хүсөөг
лапша (мн. ч. нет)	лабшаа
лепёшка	лепёшко	хайрмаг
ломоть (м. р.)	зүһэмэг	зүһэм
макароны (ед. ч. нет) -макарон
масло (мн. ч. нет) -тоһон
мёд (мн. ч. нет)	мёд	зүгын тоһон
медвежатина (мн. ч. нет)	баабгайн мяхан
молоко (мн. ч. нет)	һүн
монпансье (мн. ч. нет)	мампасии
мука (мн. ч. нет)	талхан	гурил
мясо (мн. ч. нет)	мяхан
напиток	ундан
обед	обед	үдэрэй эдеэн	үдын хоол
оладья (оладьи)	алаади
оленина (мн.ч. нет)	орын мяхан
орех	һамар
пельмени (ед. ч. нет)	пельмен
пенка	үрмэн	хүшөөһэн
перец (мн. ч. нет) -халуун үбһэн	перец
печёнка	эльгэн
печенье	печени
пир	найр
пирог	пирог
пирожное	пирожно
питание (мн. ч. нет)	эдеэ хоол	тэжээл
похлёбка	шэнгэн эдеэн	уһан шүлэн
приправа	амтаруулга	буйлуулга	амта оруулдаг юумэн
продукты	эдеэ хоолой зүйлнүүд
простокваша (мн. ч. нет)	ээдэмэг	тараг
пряник	пряник
сайка	сайка
сало (мн. ч. нет)	саала
сахар (мн. ч. нет)	саахар
свинина (мн. ч. нет)	гахайн мяхан
сливки (ед. ч. нет)	сүсэгы
сметана (мн. ч. нет)	зөөхэй
соль (мн. ч. нет)	дабһан
суп	шүлэн
сухарь (м. р.)	сухаари
сушка	сүүшхэ
сыр (мн. ч. нет)	сыр
творог (мн. ч. нет)	ээзгэй	творог
тесто (мн. ч. нет)	эһээбэри	зуураһан талхан
тушёнка (мн. ч. нет)	тушёнко
угощение	хүндэлэлгэ	хүндэ
ужин	үдэшын эдеэн	ужин
утятина (мн. ч. нет)	нугаһанай мяхан
уха (мн. ч. нет)	загаһанай шүлэн
хлеб	хилээмэн
холодец (мн. ч. нет)	холодец	студин
чай	сай
шашлык -шашлык (шородо шараһан мяхан)
шоколад	шоколад
щи (ед. ч. нет)	капустатай шүлэн	щи
яичница (мн. ч. нет)	шараһан үндэгэн
яйцо	үндэгэн.

22. ОДЕЖДА	ГОЛОВНЫЕ УБОРЫ	ХУБСАҺАН	МАЛГАЙ.
Бантик	джемпер	жакет (жакетка)	китель (м. р.)	плащ	телогрейка.
Белье (мн. ч. нет)	дотор хубсаһан
блуза	блуза	самса
брюки (ед. ч. нет) -үмдэн
бусы (ед. ч. нет)	зүүдхэл (хүзүүнэй)
варежка	варежки	баарья	нооһон бээлэй
воротник	заха
выкройка	хэб
галстук	галстук
гимнастёрка	гимнастёрко
дождевик	суба	дожбииг
жилет	сээжэбшэ	жилет	хүрмэ
завязка	уялаа	боолто	уялга
заплата	халааһан	хадхаса
кайма (мн. ч. нет)	хирхаг	хүбөө
кальсоны (ед. ч. нет)	дотор үмдэн	кольсон
капюшон	юудэн	капюшон
карман	хармаан
комбинезон	комбинезон
костюм	костюм
кофта	кофто
кружева	кружева
куртка	хүүртиг
кушак	бэһэ
лента	лентэ
лоскут	үртэһэн	тайрадаһан
лохмотья (ед. ч. нет)	һанги-набта юумэн
майка	майка
матрац	матрац
матроска	матроско
мундир	мундир
наволочка	пудуушхын гадар
нашивка	тэмдэг	нашивка
носок	носки	носки	оймһон
одежда (мн. ч. нет)	хубсаһан
одеяло	хүнжэл	одеяла
пальто (мн. ч. нет)	пальто
пелёнка -мансы	эльгэбшэ
передник	эльгэбшэ	передник
перчатка	перчатки	хурган бээлэй	перчатка
пиджак	пиджак
платок	пулаад 
платье	плати	хубсаһан
пододеяльник	хүнжэлэй бүреэдэһэн	пододеяльник
подол	хормой
подушка	пудуушха
пояс	бэһэ
простыня	простыня
пряжка	горьё	пряжка
пуговица	шагта	тобшо
рубаха	рубашка	самса
рукава	хамсы
рукавица	рукавицы	бээлэй
сарафан	сарпаан
свитер	свитер
тесьма	тесёмка	тамһан	таһама	миндаһан
трусы	трусики (ед. ч. нет)	оодон үмдэн	трусы
тряпьё (мн. ч. нет)	хууша хаашан бүд
тужурка	түжүүрхэ
тулуп	хүдэһэн дэгэл	тулуп
тюфяк	шэрдэг
фартук	фартук
фуфайка	фуфайка
халат	халаад	тэрлиг
чулок	чулки	оймһон
шаль (ж. р.)	шаали
шарф	шарф	шаарпа
шинель (ж. р.)	шинель	жэбхүүн
шитьё (мн. ч. нет)	оёлго
шнур	шнурок	ооһор	утаһан
шов	оёдол	зүйдэл
штаны (ед. ч. нет)	үмдэн
шуба	дэгэл	нэхы дэгэл
юбка	юбкэ
берет	беретка	берет (малгай)
кепка	кепкэ
козырек	малгайн һарабша
косынка	косынка
кубанка	кубанка (малгай)
панама	панама (малгай)
папаха	папааха (малгай)
пилотка	пилотко (малгай)
тюбетейка	оройбшо (малгай)
ушанка	шэгэбшэтэй малгай
фуражка	фуражка (малгай)
шапка	малгай
шлем	хасабша малгай	шлем
шляпа	шляпа (малгай).

23. ОБУВЬ -ГУТАЛ.
Ботинки	ботинка
боты	бото
валенки	катанки	валенка	хаатанха
галоши	галошо
голенище	түрии
каблук	һүеы
камусы	годон гутал
обувь (ж. р.	мн. ч. нет)	гутал
подошва	ула
полуботинки	полуботинка
портянка	орёолто
сапоги	сабхи
сандалии	сандали
тапки	тапочки	тапочка	шаахай
туфли	туфли
унты	годоһон	хүдэһэн гутал.

24. УПРЯЖЬ	ЭКИПАЖ	ТОНОГ ЗЭМСЭГ	ТЭРГЭ ШАРГА.
Вожжа	вожжи	боожо
вьюк	тэгнээ	ганзага
гуж	гужи	гүүжэ	хомуудай шэхэн
дровни (ед. ч. нет)	түлеэнэй шарга
дуга	дугааг
кнут	ташуур	минаа
коляска	үхибүүдэй тэргэ
нарта	нарта	шарга 
недоуздок	ногто
оглобля	оглобли	оглёобо
ось (ж. р.)	гол
переметная сума	ганзагын сумаа
плётка	ташуур	минаа
повод	жолоо
подкова	таха
подседельник	шожоолхын улам
подпруга	эмээлэй улам
полоз	полозья	шаргын үргэн
сани (ед.ч. нет)	шарга
санки (ед. ч. нет)	ябаган шарга
сбруя (мн. ч. нет)	тоног	зэмсэг
седёлка	шожоолхо
седло	эмээл
стремя	дүрөө
супонь (ж. р.)	сопоон
телега	тэргэ
тележка	ябаган тэргэ
удила (ед. ч. нет)	хазаарай аман
узда	хазаар
упряжь (ж. р.	мн. ч. нет)	тоног	зэмсэг
хомут	хомууд
чека	(тэргын) шэхэн	чека
черпак	хэжэм
чересседельник	сэртеэниг
шлея	хударга	шальяа
экипаж	бүтүү тэргэ 
ярмо	хөөмэгшэ.

25. МЕРЫ	ХЭМЖҮҮРНҮҮД.
А. Меры времени	сагай хэмжүүр.
Секунда	секунда
минута	минута
полчаса	хахад час
час	час
день -үдэр
ночь	һүни
полдень (м. р.)	үдэрэй тэн	үдэ
полночь (ж. р.)	хахад һүни
полдня	хахад үдэр
полночи	һүниин тэн
сутки (ед. ч. нет)	сүүдхэ
неделя	недели
месяц	һара
квартал	квартал (жэлэй дүрбэнэй нэгэн)
полгода (мн. ч. нет)	хахад жэл
полугодие (учебное) -һуралсалай хахад жэл
четверть (ж. р.)	дүрбэнэй нэгэн
год	жэл
пятилетка	табан жэл
семилетка	долоон жэл
десятилетие	арбан жэл
полвека (мн. ч. нет)	хахад зуун жэл
век	зуун жэл
столетие	зуун жэл
понедельник	понедельник	гарагай хоёр
вторник	вторник	гарагай гурбан
среда -среда	гарагай дүрбэн
четверг	четверг	гарагай табан
пятница	пятница	гарагай зургаан
суббота	суббото	гарагай долоон
воскресенье	воскресени	гарагай нэгэн
январь (м. р.)	январь
февраль (м. р.)	февраль
март	март
апрель (м. р.)	апрель
май	май
июнь (м. р.)	июнь
июль (м. р.)	июль
август	август
сентябрь (м. р.)	сентябрь
октябрь (м. р.)	октябрь
ноябрь (м. р.)	ноябрь
декабрь (м. р.)	декабрь
годовщина -ой	ойн баяр
двадцатилетие	хорин жэл
пятидесятилетие	табин жэл
календарь (м. р.)	календарь
время	саг
мгновенье	миг	агшам зуура
момент	агшам зуура	үе
сезон	саг	үе	сезон
срок	болзор	саг	хугасаа
продолжительность (ж. р.)	үргэлжэлһэн саг.

Б. Меры длины	утын хэмжүүр.
Миллиметр	миллиметр
сантиметр	сантиметр
дециметр	дециметр
метр	метр
километр	километр
верста	модон (утын хэмжүүр	1	06 км)
шаг	алхам
длина (мн. ч. нет)	утань	ута богонинь
высота	үндэрынь
глубина	гүнзэгынь
ширина (мн. ч. нет) -үргэниинь	хүндэлэниинь
полдороги (мн. ч. нет)	харгын хахад
полпути (мн.ч. нет)	хахад зам.

В. Меры веса	хүндын хэмжүүр.
Миллиграмм	миллиграмм
грамм	грамм
килограмм	килограмм
центнер	центнер
тонна	тонно
пуд	пүүд
вес	шэгнүүри	хүндэ хүнгэниинь
весы	шэгнүүр
полкило (мн. ч. нет)	хахад кило.

Г. Меры площади и объёма	площадиин	объёмой хэмжүүр.
Ар	ар
гектар	га	гектар	га
десятина	дистиинэ
кубометр	кубометр
литр	литр
пол-литра (мн. ч. нет)	хахад литр.

Д. Деньги	мүнгэн.
Копейка	нэгэ мүнгэн
рубль (ж. р.)	түхэриг
монета	монеэд	хашарһан
деньги (ед. ч. нет)	мүнгэн
мелочь (мн. ч. нет)	жэжэ мүнгэн
пятак	таба мүнгэн
гривенник	арба сагаан	арба мүнгэн.

Е. Прочие слова	означающие меру	хэмжүүр тэмдэглэһэн ондоо үгэнүүд.
Горсть (ж. р.)	адха
кусок	хүсөөг	зүһэм
куча	обоо	обоо собоо
масса	множество	уйма	ехэ олон	хэмгүй олон	үй түмэн
мера	хэмжүүр
мерка	хэмжэлгэ	хэмжүүр
пачка	багсаа	баглаа	пачка
порция	порци
пук	пучок	баглаа	адха
размер	хэмжээ	хэм
рулон	рулон
связка	уялаа	боолто	тэбэри	хүлигэ
тюк	хилгээ	бүреэдэһэн	тюк
штука	штүүг	хэһэг
щепотка	шэмхэ
цена	сэн
часть	хуби	хэһэг	бүлэг.

26. ОХРАНА ЗДОРОВЬЯ	ЭЛҮҮРЫЕ ХАМГААЛГА.
Бактерия	вазелин (мн. ч. нет)	витамин	грипп (мн. ч. нет)	одеколон	операция	таблетка.
Аппетит (мн. ч. нет)	эдеэлхэ дуран	хорхой	аппетит
аппендицит	мухар гэдэһэнэй санха	аппендицит
аптека	аптекэ
бельмо	хорго	манан
бинт	бинт
бок	хажуу бэе	хажуу
болезнь (ж. р.)	үбшэн
боль (ж. р.)	үбдэлгэ	үбшэн
бородавка	үүн	монсог
бровь (ж. р.)	нидхэ	хүмэдхэ
брюхо (мн. ч. нет)	гэдэһэн	гүзээн
веко	веки	зубхи
висок	сабиргай
волос	волосы	үһэн
глаз	глаза	нюдэн
глоток	балга
гной (мн. ч. нет)	эдеэрэ	няагаһан
голова	тархи	толгой
голень (ж. р.)	шэлбэ	хангир
голос	хоолой
горло	хоолой
градусник	градусник
гребень (м. р.)	һам
грудь (ж. р.)	сээжэ	үбсүүн	хүхэн
грязь (мн.ч. нет)	хирэ	бог хирэ	үнгэр
духота (мн. ч. нет)	бүгшэм агаар	бүгшэм халуун
дыхание	амин	амисхал
жар (мн. ч. нет)	халуун
желудок	хото	хотоодо
желчь	һүлһэн
живот	гэдэһэн
жила	шүрбэһэн	бүлхин
жир (мн. ч. нет)	өөхэн
загар	наранда дүрэлгэ	харлалга
заика	ээрүү хүн
закалка (мн. ч. нет)	зоригоо хатуужаха
заноза	шэртэһэн
запах	үнэр	хүншүү
запор	хоргооһондоо хаталга
зараза (мн. ч. нет)	халдабари
затылок	шэлэ хүзүүн	шэлэ
здоровье (мн. ч. нет)	бэеын элүүр
золотуха (мн. ч. нет)	түүхэй	булаг үбшэн
зрение (мн. ч. нет)	хараа	нюдэн
зуб	зубы	шүдэн
зуд	зохололго	зохолоон
изжога (мн. ч. нет)	шараа бусалалга
икота	зоходолго
йод (мн. ч. нет)	йод
кашель (мн. ч. нет)	ханяадан
кишка	кишки	нарин	бүдүүн гэдэһэн
ключица	ээм
колено (коленка)	үбдэг
компресс	жэн	компресс
корь (ж. р.	мн. ч. нет)	улаан эшэргэнэ
коса	косичка	гэзэгэ
костыль (м. р.)	таяг
кость (ж. р.)	яһан
краснота (мн. ч. нет)	улайлга
кровотечение (мн. ч. нет)	шуһаа гаралга
кровь (ж. р.	мн. ч. нет)	шуһан
ладонь (ж. р.)	альган
лёгкое	лёгкие	уушхан
лекарство	эм
лихорадка (мн. ч. нет)	хумхаа
лицо	нюур
лоб	духа	сохо	магнай
локоть (м. р.)	тохоног
лопатка	дала
лысина	халзан	малаан
мазь (ж. р.)	мазь 
малокровие (мн. ч. нет)	шуһанай багадалга
мозг	уураг тархи	нугарһан 
мозоль (ж. р.)	холонхой
мокрота	нёлбоһон	мэнгир
морщина	уршалаа	атираа
моча (мн. ч. нет)	шээһэн
мускул	мускулы	мышца	мышцы	балсан	мяха шүрбэһэн	шандааһан
мыло (мн. ч. нет)	мылэ
нарыв	эдеэрлэһэн хабдар
насморк (мн. ч. нет)	хамар бүтэлгэ	нюһа субалга
нёбо	тангалай
нечистоты (ед. ч. нет)	бог шорой	угаадаһан
нога	хүл
ноготь (м. р.) -хюмһан
ноздря	ноздри	хамарай нүхэн
нос	хамар
обморок	харанхалан уналга
одышка (мн. ч. нет)	амидалга
ожог	шаталга	халалга
опухоль (ж. р.)	хабдар	һэлхэн
оспа (мн. ч. нет)	сагаан сэсэг	хара нүрөө (үбшэн)
отдых (мн. ч. нет)	амаралта
отрава	хорон
отрыжка (мн. ч. нет)	хэхэрдэһэн	гулгидаһан
очки (ед. ч. нет)	нюдэнэй шэл
пазуха (мн. ч. нет)	үбэр
палец	хурган
пах	сами
передышка	амяа даруулга
перелом кости	яһанай хухаралга	бэртэлгэ
переносица	хамарай танаа
перхоть (ж. р.)	зээг	эг
печень (ж. р.)	эльгэн
пипетка	пипеткэ
пищеварение (мн. ч. нет)	эдиһэнээ шэнгээлгэ
пищевод	улаан хоолой
пластырь (м. р.)	пластырь
плечо	мүр	ээм
подбородок	үргэн	үргэнэй үзүүр
позвоночник	нюрган	нюрганай яһан	нюрга һээр
понос	шэшэлгэ	уруу һуулга
порошок	порошок
почка	бөөрэ
поясница -бэлхүүһэн	матаргай
прививка	прививкэ	тарилга
прогулка	сэнгэлгэн	прогулка
пузырь	сууха	хөөһэн
пульс	һудал	һудалай сохидол
пуп	хүйһэн
пыль (ж. р.	мн. ч. нет)	тооһон
пятка	һүеы	үльмы
рана	шарха
рвота (мн. ч. нет)	бөөлжэдэһэн
ребро	хабһан	хабирга
ресница	һорьмоһон
рецепт	рецепт
рука	гар
румянец	улаан үнгэ	нюурай улаан
селезёнка	дэлюун
сердце	зүрхэн
синяк	хүхэ бала	хүхэ нүжэ
сквозняк	сквозняк	ходоро үлеэһэн һалхин
скелет	араг яһан
слабость (ж. р.	мн. ч. нет)	тамиргүйдэлгэ	хүсэ багатай (байлга)
слеза	нюдэнэй нёлбоһон
слюна	шүлһэн	нёлбоһон
сода (мн. ч. нет)	содо
сознание (мн. ч. нет)	мэдэрэл	бодол
сон	нойр	үргэһэн	унталган
сор (мн. ч. нет)	шорой	хог	бог
соска	хүхэлтэ	угжа
спина	нюрган
стон	ёолоон	ёололго	гэншэлгэ
страдание	зоболон	тулиха ябадал
ступня	табгай	ула	гэшхэм
судорога	шүрбэһөө таталга
сустав	үе
сухожилие	шүрбэһэн
сыпь (ж. р.	мн. ч. нет)	эшэргэнэ
тело	бэе
тиф (мн. ч. нет)	тиф	халуун үбшэн
тошнота (мн. ч. нет)	бөөлжэһөө хүрэлгэ
трахома (мн. ч. нет)	трахомо (нюдэнэй үбшэн)
туберкулёз (мн. ч. нет)	уушханай ханяадан
туловище	сээжэ бэе
угар (мн. ч. нет)	угаар
ус	усы	һахал
ухо	уши	шэхэн
ушиб	бэртэлгэ	гэмтэлгэ
цинга (мн. ч. нет)	цынга	бам үбшэн
чад (мн. ч. нет)	хүншүү	үнэр танар
челюсть	үргэн
череп	хохимой	яһан толгой
чесотка (мн. ч. нет)	маажуур	хамуу
чирей	хадьха	шиихан
чистота (мн. ч. нет)	арюун сэбэр	сэбэр байдал
шея	хүзүүн
шрам	һорьбо	гүбэрюу
щека	хасар
эпидемия	тахал	хамшаг
яд	хорон
язык	хэлэн
ячмень (м. р.	мн. ч. нет)	үбдэг.

27. ФИЗКУЛЬТУРА	СПОРТ	ФИЗКУЛЬТУРА	СПОРТ.
 Баскетбол (мн. ч. нет)	волейбол (мн. ч. нет)	зарядка	парашют	перекладина	рекорд	спартакиада	спорт (мн. ч. нет)	стадион	турник	турнир	футбол (мн. ч. нет).
Бег	гүйдэл	гүйлгэ
бега	урилдаан	гүйлдөөн
битва	байлдаан	тулалдаан
борьба (мн. ч. нет)	барилдаан	тэмсэл
выигрыш	шүүбэри	эдисэ
гол	гол
головоломка	орёо бэрхэ юумэн	бодол	орёо таабари
городки (ед. ч. нет)	городки (наадан)
каток	каток	елүүр
коньки (ед. ч. нет)	коньки
кросс	кросс	урилдаалган
купальня	шунгадаг газар
лыжа	лыжи	сана
лыжня	санын харгы
мат	маад (шатарта)
мускулатура (мн. ч. нет)	балсан	булшан	шүрбэһэн
очко	очко	нюдэн
ничья	хэнэйшье бэшэ	тэнсэлгэн
пляж	пляж
приз	шан
прыжок	харайлга	дэбхэрэлгэ	һүрэлгэ
скачок	һүрэлгэ	харайса	харайлга
сигнал	дохёо	тэмдэг	сигнал
состязание	тулалсаан	урилдаан	наадан
старт	старт (мүрысөөнэй эхин)
стойка	тулга	стойко
тир	тир (сагаалса буудадаг газар)
толчок	ёборолго	доһололго
трамплин	трамплин
туризм (мн. ч. нет)	туризм
турист	турист
удар	сохисо	сохилто	нэрьеэн
упор -тулгалга	тулга
финиш	нааданай түгэсхэлэй үе	финиш
ходьба (мн. ч. нет)	ябалга	ябадал
шах	шаа (шатар)
шахматы (ед. ч. нет)	шатар
шашки (ед. ч. нет)	даам	дойбод
шеренга	зэргэ	шеренгэ
штраф	яла	штраф
эстафета	эстафетэ.

28. ИГРЫ	РАЗВЛЕЧЕНИЯ	ЗУГАА НААДАН.
Горка	гүбээ	толгой
домино (мн. ч. нет)	домино
дудка	жэмбүүр
жмурки (ед. ч. нет)	һохор һамган боложо наадалга
забава	зугаа	наадан
загадка	таабари
зайка	зайка гэжэ наадан
игра	наадан	наадалган
игрушка -нааданхай	наадхуур
картинка	зураг	картинка
качели (ед. ч. нет) -дүүжэн	һэнжүүхэй
кубики	кубигууд
кукла	кукла
лапта (мн. ч. нет) -лабтаа
лунка	хонхосог	нүхэн
мяч	мяч	бүмбэгэ
пешка	(шатарай	даамай) хүбүүн
побрякушка	ханхинуур
прятки (ед. ч. нет)	хоргодоон
развлечение	зугаа наадан	һамааруулга	зугаасуулга
разгадка	таалга	тайлбари
ребус	ребус
салазки	санки (ед. ч. нет)	шарга
скакалка	харайдаг ооһор	скакалка
скороговорка	түргэн хэлэлгэ
хлопок	альга ташалга
хоровод	хоровод
шарада	үгэ тайлбарилха таабари	шарада
шарик	шарик	монсог
юла	эршэгэнүүр.

29. ИСКУССТВО	ИСКУССТВО.
 Аккордеон	балалайка	гимн	гитара	грим (мн. ч. нет)	декорация	искусство (мн. ч. нет)	концерт	музыка (мн. ч. нет)	пьеса	репетиция	самодеятельность (мн. ч. нет)	скульптура	сцена	тон	частушка	экран.
Аппликация	аппликаци
бас	бүдүүн хоолой
баян	баян (муз. инстр.)
бордюр	хүбөө	хирхаг	хяаза
вальс	вальс
гармонь(ж. р.)	гармонь
дуэт	дуэт (хоёр хүнэй дуу	наадан)
занавес	хүшэгэ
запевала	эхилэн дуулагша
картина	зураг	картина	уран зураг
квартет	квартет
кино (мн. ч. нет)	кино
люстра	люстрэ
мотив	аялга
набросок	хараа (зураг)	хара бэшэг
оркестр	оркестр
палитра	палитра
пластинка	пластинка
пляска	хатар	пляска
портрет	портрет	хүнэй зураг
постановка	зүжэг
припев	дуунай дабталга
роль (ж. р.)	роль
скрипка	скрипкэ	хуур
смычок	смычок	хуурай номо
соло (мн. ч.нет)	соло	гансаараа дуулаха	наадаха
спевка	дуунай репетици
спектакль (м. р.)	зүжэг	спектакль
статуя	статуя	дүрсэ
танец	хатар	таанса
тенор	тенор
трио	трио (гурбан хүнэй дуулаха	наадаха)
узор	хээ	угалза
украшение	шэмэлгэ	гоёолго
хор	хоор	олоороо дуулалга.

30. АРМИЯ	ФЛОТ	АРМИ	ФЛОТ.
Армия	бомба	бомбардировщик	граната	мина	миномёт	погон	пограничник	полк	пост	противогаз	снаряд	танк	флот	фронт	штаб.
Атака	добтолго	атака
битва	байлдаан	тулалдаан
боец	сэрэгшэ	байлдагша
бой	байлдаан	дайлалдаан
броневик	броневик
взрыв	тэһэрэлгэ
винтовка	винтовко
война	дайн
войско	сэрэг
дот	дот (буудалгын газар)
кавалерия (мн. ч. нет)	морин сэрэг
казарма	казарма
кобура	кобура (буугай гэр)
команда	захиралта	команда
линкор	линейнэ корабль
меч	һэлмэ
мишень (ж. р.)	сагаалса	бай
наган	наган	ташуур буу
оборона	обороно	хамгаалга
окоп	окоп
оружие	буу	буу зэбсэг
осада (мн. ч. нет)	сэрэгээр бүһэлэлгэ
отряд	отряд
охрана (мн. ч. нет)	хамгаалга
перестрелка	буудалдаан
пехота	пехото	ябаган сэрэг
пистолет	пистолет	гар (ташуур) буу
плен	плен
победа	илалта
привал	привал	зогсолто	амаралга
приклад	буугай хүрзэ
пулемёт	пулемёт
пуля	һомон	буугай тобшо
пушка	пушка	үхэр буу
ракета	ракетэ
револьвер	револьвер	ташуур буу
сабля	һэлмэ
стрельба (мн. ч. нет)	буудалган	харбаан
тревога	аюулай дохёо	һанаагаа зоболго
трофей	сэрэгэй олзо	трофей
тыл	тыл	ара тала
шпага	һэлмэ	шпага
штурм	штурм	дайлан добтолго
штык	(буугай) жада
щит	щит	халха	халхабша.

31. СЛОВА	ОБОЗНАЧАЮЩИЕ ОБЩИЕ ПОНЯТИЯ	ЮРЭНХЫ ОЙЛГОМЖОТОЙ ҮГЭНҮҮД.
Барахло (мн. ч. нет)	борхолоо	жэжэ жожо юумэн
беда	һүйд	үйлэ	гай	бидаа
безобразие	муухай ябадал	олиггүй юумэн
беспорядок	гуримгүй ябадал
благодарность (ж. р.)	баяр	баясхалан
блеск	толон	ялалзаан
богатство	баян зөөри	баялиг
большинство (мн. ч. нет)	олонхи	ехэнхи
верх	орой	дээдэ тала
веселье	хүхеэн	сэнгэлгэн	зугаа
весть	мэдээн
вина (мн. ч. нет)	зэмэ	гэм
вкус	амтан	амталалга
внимание -анхарал	ханамжа
внутренность (ж. р.)	зосоохинь	доторхинь
возня (мн. ч. нет)	носолдоон	тухашараан
возраст	наһан
вонь (ж. р.	мн. ч. нет) -үмхэй	үнэр танар
воспоминание	дурдалга	дурасхал
вранье (мн. ч. нет)	худал
встреча	уулзалга	золголго
выдумка	һанаанһаа абаһан юумэн
гадость	дрянь (ж. р.)	бузар муухай юумэн
героизм	геройство	баатаршалга	габьяата ябадал
гибель (ж. р.	мн. ч. нет)	хосорол	үхэл
голод (мн. ч. нет)	үлэсхэлэн	гэдэһэ үлдэлгэ
горе (мн. ч. нет)	уйдхар	гашуудал
граница	хилэ
грубость (ж. р.)	бүдүүлиг ябадал	шэрүүн үгэ
гул	дүнгинөөн	дүүеэн	хүүеэн	нэрьеэн
гулянье	сэнгэлгэн	зугаа наадан
диво -гайхамшаг	гайхамаар
доблесть (ж. р.	мн. ч. нет)	шэн зориг	габьяа
добро (мн. ч. нет)	һайн юумэн
долг	уялга	үри	зээли	үгэсэ
досада (мн. ч. нет)	халаглал
достижение	туйлалта	хүсэлгэ	хүрэлгэ
досуг (мн. ч. нет)	забда	заб	сүлөө саг
драка	наншалдаан	сохилдоон
дума	бодол	һанал бодол	һанаан
ерунда (мн. ч. нет) -дэмы юумэн
жалость (ж. р.	мн. ч. нет)	хайра	хайрлал
жар (мн. ч. нет)	халуун 
желание	хүсэл	хүсэлэн	дуран 
жидкость (ж. р.)	шэнгэн бодос	шэнгэн юумэн
жизнь (ж. р.)	амин	ами наһан
житье (мн. ч. нет)	һуудал	байдал
забота	анхарал	һанаагаа табилга
завоевание -туйлалта	дайшалалга	эзэмдэлгэ	дайлан абалга
задержка	байлга	һааталга
заказ	захяа	заказ
закрытие (мн. ч. нет)	хаалга	дүүргэлгэ
запас	нөөсэ	дараса	запас
звон	ханхинаан	жэнгирээн
звук -абяан	дуун	шэмээн
зло (мн. ч. нет)	хорон	хара	муу
значение	удха	удха шанар
издевательство	доромжолго	баһалга
излишек	үлүү гараһан юумэн
изобилие (мн. ч. нет)	элбэг дэлбэг
инвентарь (м. р.	мн. ч. нет)	эд	зөөри	багажа зэбсэг 
исправление	заһалга	заһабари
каторга (мн. ч. нет) -сүлэлгэ
качество	шанар
клевета (мн. ч. нет)	хардалга 
клятва	тангариг	шахаа
край	заха	эрмэг	нютаг	орон
красота	гоё гоо байлга	һайханиинь	гоёнь
крик	хашхараан	һүхирөөн
леность	лень (ж. р.	мн. ч. нет)	залхуу
любовь (ж. р.	мн. ч. нет)	дуран	инаг дуран
местонахождение	байһан газар
месть (ж. р.	мн. ч. нет) -үһөө
мечта	һанал	хүсэл	гоё бодол
мир (мн. ч. нет)	эб эе	эб найрамдал
мнение	һанал	һанамжа
могущество (мн. ч. нет)	хүсэ шадал	ехэ хүсэн
молодость (ж. р.	мн. ч. нет)	залуу наһан
надежда	найдалга	этигэл	найдабари
надобность (ж. р.)	хэрэглэмжэ
наказание	хэһээлтэ
наклон	ташуу газар	ташалан
нападение	добтолго	дайлан оролго
направление	ошолго	ябалга	шэглэл	зүглэлгэ
насмешка	наада барилга	наада энеэдэн	шог
настроение	сэдьхэл	һанаан	настроени
находка	олоһон юумэн	олзо
начало	эхин	эхилэлгэ	анхан
недостаток	дутуу	дутуу дунда	дутагдал
ненависть (ж. р.)	үзэн ядалга	шоо үзэмөөр
неправда	худал	худал хуурмаг	үнэн бэшэ
несчастье	гай	уршаг	аюул	үйлэ тодхор
неудача	золгүй ябадал	уршагта оролго
низ	доодо тала	доодо бэе	узуур	оёор
ночлег	хонохо газар	хонолго	хоносо
нужда	ядарал	дутагдал	хашалан
нюх (мн. ч. нет)	үнэр абалга	үнэршэ
обещание	найдуулга	үгэеэ үгэлгэ
обилие (мн. ч. нет)	элбэг юумэн	элбэг байлга
обман	мэхэ
оборудование	багажа зэбсэг	оборудовани
опоздание	хожомдолго	гээгдэлгэ
подготовка	бэлэдхэлгэ	бэлэдхэл
поддержка	дэмжэлгэ	тэдхэмжэ
поездка	ябалга	ошолго
пожелание	хүсэлгэ	хүсэл
поколение	үе	үетэн
пол (мн. ч. нет)	пол	эрэ эмын илгаа
полёт	ниидээн	ниидэлгэ	һүрэлгэ
полоса	һудал	зурууд юумэн
польза (мн. ч. нет)	ашаг	олзо	туһа
помощь (ж. р.	мн. ч. нет)	туһаламжа	туһа
попытка	туршалга	забдалга	һэдэлгэ
пора	саг	үе
порядок	гурим	эмхи
поступок	ябадал	ааша
потеха	энеэдэ наадан	наада энеэдэн
правда	үнэн	үнэн зүб
прелесть (ж. р.)	дура буляама	гоё һайхан юумэн
препятствие	һаад	түбэг	һаалта
прибавка	нэмэлгэ	намэри
привет	приветствие	баяр	амаршалга
привычка -дадабари	заншал	зан
приглашение	урилга	уряал
приключение	ушар	уршаг	уршагта ябадал
проделка	ааша
прозвище	нэрэ	ара нэрэ
промежуток	зай	забһар
пространство	дайда
просьба -гуйлта	эрилтэ
прохлада -һэрюун	сэлгеэн	һэрюу урьялга
пустяк	хэрэггүй юумэн	өөдэгүй хэрэг
путаница	худхарһан хэрэг	худхаляан
путешествие	аян	аянда ябалга	аяншалга
работа	хүдэлмэри
радость	баяр	баясхалан	хүхилгэ	сэнгэлгэн
развитие	хүгжэлтэ	болбосорол
разница	илгаа	илгабари
редкость (ж. р.)	хомор зүйл
религия	шажан
рождение	түрэлгэ	нарайлалга
свидание	уулзалга	золголго
свист	эшхэрээн	эшхэрэлгэ
секрет	нюуса	нюуса арга
середина	средина	тэг дундахинь	гол
сила	хүсэн	шадал	хаба
скорость	хурдан түргэнэй хэмжээ	хурдан түргэниинь
слава -алдар	нэрэ соло	суу
случай	ушар	ушарал
смелость (ж. р.	мн. ч. нет)	зориг
смерть (ж. р.)	үхэл	наһа баралга
смесь (ж. р.)	холисо	холимог юумэн
смех (мн. ч. нет)	энеэдэн	энеэдэһэн
собственность (ж. р.	мн. ч. нет)	зөөри эзэмдэлгэ
совесть (ж. р.	мн. ч. нет)	һэшхэл	сэдьхэл
содружество	хани барисаан 
соединение	нэгэдүүлгэ	холболго
сорт	сорт
состояние	байдал
спасение	абаралга	аршалалга
сплетня	хоб	хоб жэб	хоб үгэ
спор	арсалдаан	буляалдаан
сравнение	сасуулга	зэргэсүүлгэ
срам (мн. ч. нет) -зүдэг	эшхэбтэр юумэн
средство	арга	арга хурга	арга хэмжээн
ссора	хэрүүл	хэрэлдээн
старьё (мн. ч. нет)	хуушан юумэн
стоимость (ж. р.	мн. ч. нет) -үнэ	үнэ сэн
сторона	тала	бэе	зүг	заха
страх	айлга	айдаһан	һүрдэлгэ
стремление	хүсэл	эрмэлзэлгэ	хүсэлэл
стук	тоншолго	наяраан	нүерөөн
стыд (мн. ч. нет)	эшэлгэ	эшэдэһэн
суеверие	мухар һүзэг
суматоха (мн. ч. нет) -хүл табилган
счастье (мн. ч. нет)	жаргал	зол
сырость (ж. р.	мн. ч. нет)	шииг	нойтон
тайна	нюуса	далда юумэн
талант	бэлиг	эрдэмэй абьяас
темнота -харанхы	харанхы мунхаг
теория	теори
тепло (мн. ч. нет)	дулаан
терпение (мн. ч. нет)	тэсэбэри	тэсэлгэ
тишина	тишь (ж. р.	мн. ч. нет)	аниргүй	хон-жэн байлга
топка	түлилгэ	пеэшэнэй нүхэн
топот (мн. ч. нет)	түбэрөөн	табараан
треск (мн. ч. нет)	ташаганаан
труд	ажал	хүдэлмэри
трудность (ж. р.)	бэрхэшээл	хэсүү байдал
уважение (мн. ч. нет)	хүндэ	хүндэлэлгэ
удача	зол талаан	аза	урагша
удовольствие -ханал	сэдьхэлээ ханалга
ужас	ехээр айлга	ухаа алдалга
улучшение	һайжаруулга	заһаралга
умение	шадабари	арга шадал
услуга	туһа	аша	туһаламжа
успех	амжалта	бүтэмжэ
утеря	гээлгэ	үгы болголго
характер	зан	абари зан	абари
хвастовство	һайрхалга	һайрхуу зан
хитрость (ж. р.)	арга мэхэ
храбрость (ж. р.	мн. ч. нет)	эрэлхэг зориг
цвет	үнгэ	зүһэн
цель (ж. р.)	зорилго	уг зорилго
чепуха	дэмы юумэн	хооһон үгэ
честь (ж. р.	мн. ч. нет)	нэрэ хүндэ	нэрэ түрэ
чувство	мэдэрэл	мэдээн	һанаан
чудо	юрэ бусын юумэн	гайхалтай зүйл
чутьё (мн. ч. нет)	абяа	үнэр абалга	мэдэрэл
шёпот	шэбэнээн	шэбэр-һабир гэлгэн
шорох	һаршаганаан	һэршэгэнээн
шум	шууяан	дуу шуун	хүүеэн
шутка	шог	хошоо үгэ	наада энеэдэн
юность (ж. р.	мн. ч. нет)	эдир наһан
явка	ерэлгэ	нюусаар уулзалга.

32. ПРОЧИЕ СУЩЕСТВИТЕЛЬНЫЕ -БЭШЭ ЮУМЭНЭЙ НЭРЭНҮҮД.
Головешка	сусал
гостинец	бэлэг
дубина	шиидам
дым	утаан	уняар	унин
дыра	нүхэн	соорхой	онгорхой 
жёлоб	жоолоб	хобол
кольцо	сахариг	бэһэлиг	хүреэ
копоть (ж. р.	мн. ч. нет)	тортог	эһэн
корка	холтоһон	хальһан	гадар
крест	крестик	хэрээһэн
кулак	нюдарга
место	газар	һуури	байра
мундштук	мүштүүг
ноша	үргэбшэ
обёртка	орёолго	боолто	гадар
обломок	түгдэрхэй	хэлтэрхэй
окраина	заха	заха газар
окурок	папиросой үлэгдэл 
отверстие	нүхэн	амһар	һүбэ
папироса	папироос
пятно	толбо	ашаг
причёска	үһэ һамналга	причёско
плесень (ж. р.	мн. ч. нет)	бури
подарок	бэлэг
подножка	дэгээдэлгэ	хүлөө табижа үгэлгэ
покупка	худалдажа абаһан юумэн
помои (ед. ч. нет) -угаадаһан
помойка	угаадаһанай нүхэн
посылка	эльгээлгэ	эльгээһэн юумэн
потеря	гээлгэ	хаялга	алдалга
потроха (ед. ч. нет)	пооторхо	гэдэһэ дотор
ржавчина (мн. ч. нет)	жэбэ
серьга	серьги	һиихэ
скачки (ед. ч. нет)	урилдаан
складка	эбхэлеэ	хуняадаһан
тара (мн. ч. нет)	тара	амһарта	һаба
территория	территори	дэбисхэр
трубка	трубка	гааһан
узел	зангилаа	уялаа
улица	үйлсэ	гудамжа
улыбка	энеэбхилгэ	миһэд гэлгэ
усмешка	энеэбхилгэ	энеэб гэлгэ
хлам (мн. ч. нет)	хууша хаашан юумэн
цепь (ж. р.)	гэнжэ
чёрт	шүдхэр
шляпка гвозди	хадааһанай малгай
шпилька	шпилькэ
щель (ж. р.) -забһар	ган
щепка	зомгооһон	зартагай.
